23
portfolio_nig
1401 10
-0.5 1 1 0 0 0.01
0.20269184811706592
0.32295521535225397
0.36880648389766024
0.48566076884839288
0.82164075937411019
0.88439496907319382
1.0005973456477895
1.0981469642921649
1.5296384338843807
8.8328434257835582
-2.521076026303958
0.020526666897778843
1.7936165229848182
-0.84996014682198395
-0.89527172182862391
0.90512776182221266
-0.67624409872877378
0.75577442760027513
-0.59328574100233067
-3.9984983723565182
0
0
0
0
0
0
0
0
0
0
3.5
3.5099999999999998
3.52
3.5299999999999998
3.54
3.5499999999999998
3.5600000000000001
3.5699999999999998
3.5800000000000001
3.5899999999999999
3.6000000000000001
3.6099999999999999
3.6200000000000001
3.6299999999999999
3.6400000000000001
3.6499999999999999
3.6600000000000001
3.6699999999999999
3.6800000000000002
3.6899999999999999
3.7000000000000002
3.71
3.7200000000000002
3.73
3.7400000000000002
3.75
3.7599999999999998
3.77
3.7799999999999998
3.79
3.7999999999999998
3.8100000000000001
3.8199999999999998
3.8300000000000001
3.8399999999999999
3.8500000000000001
3.8599999999999999
3.8700000000000001
3.8799999999999999
3.8900000000000001
3.8999999999999999
3.9100000000000001
3.9199999999999999
3.9300000000000002
3.9399999999999999
3.9500000000000002
3.96
3.9700000000000002
3.98
3.9900000000000002
4
4.0099999999999998
4.0199999999999996
4.0300000000000002
4.04
4.0499999999999998
4.0599999999999996
4.0700000000000003
4.0800000000000001
4.0899999999999999
4.0999999999999996
4.1100000000000003
4.1200000000000001
4.1299999999999999
4.1399999999999997
4.1500000000000004
4.1600000000000001
4.1699999999999999
4.1799999999999997
4.1900000000000004
4.2000000000000002
4.21
4.2199999999999998
4.2300000000000004
4.2400000000000002
4.25
4.2599999999999998
4.2699999999999996
4.2800000000000002
4.29
4.2999999999999998
4.3099999999999996
4.3200000000000003
4.3300000000000001
4.3399999999999999
4.3499999999999996
4.3600000000000003
4.3700000000000001
4.3799999999999999
4.3899999999999997
4.4000000000000004
4.4100000000000001
4.4199999999999999
4.4299999999999997
4.4400000000000004
4.4500000000000002
4.46
4.4699999999999998
4.4800000000000004
4.4900000000000002
4.5
4.5099999999999998
4.5199999999999996
4.5300000000000002
4.54
4.5499999999999998
4.5599999999999996
4.5700000000000003
4.5800000000000001
4.5899999999999999
4.5999999999999996
4.6100000000000003
4.6200000000000001
4.6299999999999999
4.6399999999999997
4.6500000000000004
4.6600000000000001
4.6699999999999999
4.6799999999999997
4.6900000000000004
4.7000000000000002
4.71
4.7199999999999998
4.7300000000000004
4.7400000000000002
4.75
4.7599999999999998
4.7699999999999996
4.7800000000000002
4.79
4.7999999999999998
4.8099999999999996
4.8200000000000003
4.8300000000000001
4.8399999999999999
4.8499999999999996
4.8600000000000003
4.8700000000000001
4.8799999999999999
4.8899999999999997
4.9000000000000004
4.9100000000000001
4.9199999999999999
4.9299999999999997
4.9400000000000004
4.9500000000000002
4.96
4.9699999999999998
4.9800000000000004
4.9900000000000002
5
5.0099999999999998
5.0199999999999996
5.0300000000000002
5.04
5.0499999999999998
5.0599999999999996
5.0700000000000003
5.0800000000000001
5.0899999999999999
5.0999999999999996
5.1100000000000003
5.1200000000000001
5.1299999999999999
5.1399999999999997
5.1500000000000004
5.1600000000000001
5.1699999999999999
5.1799999999999997
5.1900000000000004
5.2000000000000002
5.21
5.2199999999999998
5.2300000000000004
5.2400000000000002
5.25
5.2599999999999998
5.2699999999999996
5.2800000000000002
5.29
5.2999999999999998
5.3099999999999996
5.3200000000000003
5.3300000000000001
5.3399999999999999
5.3499999999999996
5.3600000000000003
5.3700000000000001
5.3799999999999999
5.3899999999999997
5.4000000000000004
5.4100000000000001
5.4199999999999999
5.4299999999999997
5.4400000000000004
5.4500000000000002
5.46
5.4699999999999998
5.4800000000000004
5.4900000000000002
5.5
5.5099999999999998
5.5199999999999996
5.5300000000000002
5.54
5.5499999999999998
5.5599999999999996
5.5700000000000003
5.5800000000000001
5.5899999999999999
5.5999999999999996
5.6100000000000003
5.6200000000000001
5.6299999999999999
5.6399999999999997
5.6500000000000004
5.6600000000000001
5.6699999999999999
5.6799999999999997
5.6900000000000004
5.7000000000000002
5.71
5.7199999999999998
5.7300000000000004
5.7400000000000002
5.75
5.7599999999999998
5.7699999999999996
5.7800000000000002
5.79
5.7999999999999998
5.8099999999999996
5.8200000000000003
5.8300000000000001
5.8399999999999999
5.8499999999999996
5.8600000000000003
5.8700000000000001
5.8799999999999999
5.8899999999999997
5.9000000000000004
5.9100000000000001
5.9199999999999999
5.9299999999999997
5.9400000000000004
5.9500000000000002
5.96
5.9699999999999998
5.9800000000000004
5.9900000000000002
6
6.0099999999999998
6.0199999999999996
6.0300000000000002
6.04
6.0499999999999998
6.0599999999999996
6.0700000000000003
6.0800000000000001
6.0899999999999999
6.0999999999999996
6.1100000000000003
6.1200000000000001
6.1299999999999999
6.1399999999999997
6.1500000000000004
6.1600000000000001
6.1699999999999999
6.1799999999999997
6.1900000000000004
6.2000000000000002
6.21
6.2199999999999998
6.2300000000000004
6.2400000000000002
6.25
6.2599999999999998
6.2699999999999996
6.2800000000000002
6.29
6.2999999999999998
6.3099999999999996
6.3200000000000003
6.3300000000000001
6.3399999999999999
6.3499999999999996
6.3600000000000003
6.3700000000000001
6.3799999999999999
6.3899999999999997
6.4000000000000004
6.4100000000000001
6.4199999999999999
6.4299999999999997
6.4400000000000004
6.4500000000000002
6.46
6.4699999999999998
6.4800000000000004
6.4900000000000002
6.5
6.5099999999999998
6.5199999999999996
6.5300000000000002
6.54
6.5499999999999998
6.5599999999999996
6.5700000000000003
6.5800000000000001
6.5899999999999999
6.5999999999999996
6.6100000000000003
6.6200000000000001
6.6299999999999999
6.6399999999999997
6.6500000000000004
6.6600000000000001
6.6699999999999999
6.6799999999999997
6.6900000000000004
6.7000000000000002
6.71
6.7199999999999998
6.7300000000000004
6.7400000000000002
6.75
6.7599999999999998
6.7699999999999996
6.7800000000000002
6.79
6.7999999999999998
6.8099999999999996
6.8200000000000003
6.8300000000000001
6.8399999999999999
6.8499999999999996
6.8600000000000003
6.8700000000000001
6.8799999999999999
6.8899999999999997
6.9000000000000004
6.9100000000000001
6.9199999999999999
6.9299999999999997
6.9400000000000004
6.9500000000000002
6.96
6.9699999999999998
6.9800000000000004
6.9900000000000002
7
7.0099999999999998
7.0199999999999996
7.0300000000000002
7.04
7.0499999999999998
7.0599999999999996
7.0700000000000003
7.0800000000000001
7.0899999999999999
7.0999999999999996
7.1100000000000003
7.1200000000000001
7.1299999999999999
7.1399999999999997
7.1500000000000004
7.1600000000000001
7.1699999999999999
7.1799999999999997
7.1900000000000004
7.2000000000000002
7.21
7.2199999999999998
7.2300000000000004
7.2400000000000002
7.25
7.2599999999999998
7.2699999999999996
7.2800000000000002
7.29
7.2999999999999998
7.3099999999999996
7.3200000000000003
7.3300000000000001
7.3399999999999999
7.3499999999999996
7.3600000000000003
7.3700000000000001
7.3799999999999999
7.3899999999999997
7.4000000000000004
7.4100000000000001
7.4199999999999999
7.4299999999999997
7.4400000000000004
7.4500000000000002
7.46
7.4699999999999998
7.4800000000000004
7.4900000000000002
7.5
7.5099999999999998
7.5199999999999996
7.5300000000000002
7.54
7.5499999999999998
7.5599999999999996
7.5700000000000003
7.5800000000000001
7.5899999999999999
7.5999999999999996
7.6100000000000003
7.6200000000000001
7.6299999999999999
7.6399999999999997
7.6500000000000004
7.6600000000000001
7.6699999999999999
7.6799999999999997
7.6900000000000004
7.7000000000000002
7.71
7.7199999999999998
7.7300000000000004
7.7400000000000002
7.75
7.7599999999999998
7.7699999999999996
7.7800000000000002
7.79
7.7999999999999998
7.8099999999999996
7.8200000000000003
7.8300000000000001
7.8399999999999999
7.8499999999999996
7.8600000000000003
7.8700000000000001
7.8799999999999999
7.8899999999999997
7.9000000000000004
7.9100000000000001
7.9199999999999999
7.9299999999999997
7.9400000000000004
7.9500000000000002
7.96
7.9699999999999998
7.9800000000000004
7.9900000000000002
8
8.0099999999999998
8.0199999999999996
8.0299999999999994
8.0399999999999991
8.0500000000000007
8.0600000000000005
8.0700000000000003
8.0800000000000001
8.0899999999999999
8.0999999999999996
8.1099999999999994
8.1199999999999992
8.1300000000000008
8.1400000000000006
8.1500000000000004
8.1600000000000001
8.1699999999999999
8.1799999999999997
8.1899999999999995
8.1999999999999993
8.2100000000000009
8.2200000000000006
8.2300000000000004
8.2400000000000002
8.25
8.2599999999999998
8.2699999999999996
8.2799999999999994
8.2899999999999991
8.3000000000000007
8.3100000000000005
8.3200000000000003
8.3300000000000001
8.3399999999999999
8.3499999999999996
8.3599999999999994
8.3699999999999992
8.3800000000000008
8.3900000000000006
8.4000000000000004
8.4100000000000001
8.4199999999999999
8.4299999999999997
8.4399999999999995
8.4499999999999993
8.4600000000000009
8.4700000000000006
8.4800000000000004
8.4900000000000002
8.5
8.5099999999999998
8.5199999999999996
8.5299999999999994
8.5399999999999991
8.5500000000000007
8.5600000000000005
8.5700000000000003
8.5800000000000001
8.5899999999999999
8.5999999999999996
8.6099999999999994
8.6199999999999992
8.6300000000000008
8.6400000000000006
8.6500000000000004
8.6600000000000001
8.6699999999999999
8.6799999999999997
8.6899999999999995
8.6999999999999993
8.7100000000000009
8.7200000000000006
8.7300000000000004
8.7400000000000002
8.75
8.7599999999999998
8.7699999999999996
8.7799999999999994
8.7899999999999991
8.8000000000000007
8.8100000000000005
8.8200000000000003
8.8300000000000001
8.8399999999999999
8.8499999999999996
8.8599999999999994
8.8699999999999992
8.8800000000000008
8.8900000000000006
8.9000000000000004
8.9100000000000001
8.9199999999999999
8.9299999999999997
8.9399999999999995
8.9499999999999993
8.9600000000000009
8.9700000000000006
8.9800000000000004
8.9900000000000002
9
9.0099999999999998
9.0199999999999996
9.0299999999999994
9.0399999999999991
9.0500000000000007
9.0600000000000005
9.0700000000000003
9.0800000000000001
9.0899999999999999
9.0999999999999996
9.1099999999999994
9.1199999999999992
9.1300000000000008
9.1400000000000006
9.1500000000000004
9.1600000000000001
9.1699999999999999
9.1799999999999997
9.1899999999999995
9.1999999999999993
9.2100000000000009
9.2200000000000006
9.2300000000000004
9.2400000000000002
9.25
9.2599999999999998
9.2699999999999996
9.2799999999999994
9.2899999999999991
9.3000000000000007
9.3100000000000005
9.3200000000000003
9.3300000000000001
9.3399999999999999
9.3499999999999996
9.3599999999999994
9.3699999999999992
9.3800000000000008
9.3900000000000006
9.4000000000000004
9.4100000000000001
9.4199999999999999
9.4299999999999997
9.4399999999999995
9.4499999999999993
9.4600000000000009
9.4700000000000006
9.4800000000000004
9.4900000000000002
9.5
9.5099999999999998
9.5199999999999996
9.5299999999999994
9.5399999999999991
9.5500000000000007
9.5600000000000005
9.5700000000000003
9.5800000000000001
9.5899999999999999
9.5999999999999996
9.6099999999999994
9.6199999999999992
9.6300000000000008
9.6400000000000006
9.6500000000000004
9.6600000000000001
9.6699999999999999
9.6799999999999997
9.6899999999999995
9.6999999999999993
9.7100000000000009
9.7200000000000006
9.7300000000000004
9.7400000000000002
9.75
9.7599999999999998
9.7699999999999996
9.7799999999999994
9.7899999999999991
9.8000000000000007
9.8100000000000005
9.8200000000000003
9.8300000000000001
9.8399999999999999
9.8499999999999996
9.8599999999999994
9.8699999999999992
9.8800000000000008
9.8900000000000006
9.9000000000000004
9.9100000000000001
9.9199999999999999
9.9299999999999997
9.9399999999999995
9.9499999999999993
9.9600000000000009
9.9700000000000006
9.9800000000000004
9.9900000000000002
10
10.01
10.02
10.029999999999999
10.039999999999999
10.050000000000001
10.06
10.07
10.08
10.09
10.1
10.109999999999999
10.119999999999999
10.130000000000001
10.140000000000001
10.15
10.16
10.17
10.18
10.19
10.199999999999999
10.210000000000001
10.220000000000001
10.23
10.24
10.25
10.26
10.27
10.279999999999999
10.289999999999999
10.300000000000001
10.31
10.32
10.33
10.34
10.35
10.359999999999999
10.369999999999999
10.380000000000001
10.390000000000001
10.4
10.41
10.42
10.43
10.44
10.449999999999999
10.460000000000001
10.470000000000001
10.48
10.49
10.5
10.51
10.52
10.529999999999999
10.539999999999999
10.550000000000001
10.56
10.57
10.58
10.59
10.6
10.609999999999999
10.619999999999999
10.630000000000001
10.640000000000001
10.65
10.66
10.67
10.68
10.69
10.699999999999999
10.710000000000001
10.720000000000001
10.73
10.74
10.75
10.76
10.77
10.779999999999999
10.789999999999999
10.800000000000001
10.81
10.82
10.83
10.84
10.85
10.859999999999999
10.869999999999999
10.880000000000001
10.890000000000001
10.9
10.91
10.92
10.93
10.94
10.949999999999999
10.960000000000001
10.970000000000001
10.98
10.99
11
11.01
11.02
11.029999999999999
11.039999999999999
11.050000000000001
11.06
11.07
11.08
11.09
11.1
11.109999999999999
11.119999999999999
11.130000000000001
11.140000000000001
11.15
11.16
11.17
11.18
11.19
11.199999999999999
11.210000000000001
11.220000000000001
11.23
11.24
11.25
11.26
11.27
11.279999999999999
11.289999999999999
11.300000000000001
11.31
11.32
11.33
11.34
11.35
11.359999999999999
11.369999999999999
11.380000000000001
11.390000000000001
11.4
11.41
11.42
11.43
11.44
11.449999999999999
11.460000000000001
11.470000000000001
11.48
11.49
11.5
11.51
11.52
11.529999999999999
11.539999999999999
11.550000000000001
11.56
11.57
11.58
11.59
11.6
11.609999999999999
11.619999999999999
11.630000000000001
11.640000000000001
11.65
11.66
11.67
11.68
11.69
11.699999999999999
11.710000000000001
11.720000000000001
11.73
11.74
11.75
11.76
11.77
11.779999999999999
11.789999999999999
11.800000000000001
11.81
11.82
11.83
11.84
11.85
11.859999999999999
11.869999999999999
11.880000000000001
11.890000000000001
11.9
11.91
11.92
11.93
11.94
11.949999999999999
11.960000000000001
11.970000000000001
11.98
11.99
12
12.01
12.02
12.029999999999999
12.039999999999999
12.050000000000001
12.06
12.07
12.08
12.09
12.1
12.109999999999999
12.119999999999999
12.130000000000001
12.140000000000001
12.15
12.16
12.17
12.18
12.19
12.199999999999999
12.210000000000001
12.220000000000001
12.23
12.24
12.25
12.26
12.27
12.279999999999999
12.289999999999999
12.300000000000001
12.31
12.32
12.33
12.34
12.35
12.359999999999999
12.369999999999999
12.380000000000001
12.390000000000001
12.4
12.41
12.42
12.43
12.44
12.449999999999999
12.460000000000001
12.470000000000001
12.48
12.49
12.5
12.51
12.52
12.529999999999999
12.539999999999999
12.550000000000001
12.56
12.57
12.58
12.59
12.6
12.609999999999999
12.619999999999999
12.630000000000001
12.640000000000001
12.65
12.66
12.67
12.68
12.69
12.699999999999999
12.710000000000001
12.720000000000001
12.73
12.74
12.75
12.76
12.77
12.779999999999999
12.789999999999999
12.800000000000001
12.81
12.82
12.83
12.84
12.85
12.859999999999999
12.869999999999999
12.880000000000001
12.890000000000001
12.9
12.91
12.92
12.93
12.94
12.949999999999999
12.960000000000001
12.970000000000001
12.98
12.99
13
13.01
13.02
13.029999999999999
13.039999999999999
13.050000000000001
13.06
13.07
13.08
13.09
13.1
13.109999999999999
13.119999999999999
13.130000000000001
13.140000000000001
13.15
13.16
13.17
13.18
13.19
13.199999999999999
13.210000000000001
13.220000000000001
13.23
13.24
13.25
13.26
13.27
13.279999999999999
13.289999999999999
13.300000000000001
13.31
13.32
13.33
13.34
13.35
13.359999999999999
13.369999999999999
13.380000000000001
13.390000000000001
13.4
13.41
13.42
13.43
13.44
13.449999999999999
13.460000000000001
13.470000000000001
13.48
13.49
13.5
13.51
13.52
13.529999999999999
13.539999999999999
13.550000000000001
13.56
13.57
13.58
13.59
13.6
13.609999999999999
13.619999999999999
13.630000000000001
13.640000000000001
13.65
13.66
13.67
13.68
13.69
13.699999999999999
13.710000000000001
13.720000000000001
13.73
13.74
13.75
13.76
13.77
13.779999999999999
13.789999999999999
13.800000000000001
13.81
13.82
13.83
13.84
13.85
13.859999999999999
13.869999999999999
13.880000000000001
13.890000000000001
13.9
13.91
13.92
13.93
13.94
13.949999999999999
13.960000000000001
13.970000000000001
13.98
13.99
14
14.01
14.02
14.029999999999999
14.039999999999999
14.050000000000001
14.06
14.07
14.08
14.09
14.1
14.109999999999999
14.119999999999999
14.130000000000001
14.140000000000001
14.15
14.16
14.17
14.18
14.19
14.199999999999999
14.210000000000001
14.220000000000001
14.23
14.24
14.25
14.26
14.27
14.279999999999999
14.289999999999999
14.300000000000001
14.31
14.32
14.33
14.34
14.35
14.359999999999999
14.369999999999999
14.380000000000001
14.390000000000001
14.4
14.41
14.42
14.43
14.44
14.449999999999999
14.460000000000001
14.470000000000001
14.48
14.49
14.5
14.51
14.52
14.529999999999999
14.539999999999999
14.550000000000001
14.56
14.57
14.58
14.59
14.6
14.609999999999999
14.619999999999999
14.630000000000001
14.640000000000001
14.65
14.66
14.67
14.68
14.69
14.699999999999999
14.710000000000001
14.720000000000001
14.73
14.74
14.75
14.76
14.77
14.779999999999999
14.789999999999999
14.800000000000001
14.81
14.82
14.83
14.84
14.85
14.859999999999999
14.869999999999999
14.880000000000001
14.890000000000001
14.9
14.91
14.92
14.93
14.94
14.949999999999999
14.960000000000001
14.970000000000001
14.98
14.99
15
15.01
15.02
15.029999999999999
15.039999999999999
15.050000000000001
15.06
15.07
15.08
15.09
15.1
15.109999999999999
15.119999999999999
15.130000000000001
15.140000000000001
15.15
15.16
15.17
15.18
15.19
15.199999999999999
15.210000000000001
15.220000000000001
15.23
15.24
15.25
15.26
15.27
15.279999999999999
15.289999999999999
15.300000000000001
15.31
15.32
15.33
15.34
15.35
15.359999999999999
15.369999999999999
15.380000000000001
15.390000000000001
15.4
15.41
15.42
15.43
15.44
15.449999999999999
15.460000000000001
15.470000000000001
15.48
15.49
15.5
15.51
15.52
15.529999999999999
15.539999999999999
15.550000000000001
15.56
15.57
15.58
15.59
15.6
15.609999999999999
15.619999999999999
15.630000000000001
15.640000000000001
15.65
15.66
15.67
15.68
15.69
15.699999999999999
15.710000000000001
15.720000000000001
15.73
15.74
15.75
15.76
15.77
15.779999999999999
15.789999999999999
15.800000000000001
15.81
15.82
15.83
15.84
15.85
15.859999999999999
15.869999999999999
15.880000000000001
15.890000000000001
15.9
15.91
15.92
15.93
15.94
15.949999999999999
15.960000000000001
15.970000000000001
15.98
15.99
16
16.010000000000002
16.02
16.030000000000001
16.039999999999999
16.050000000000001
16.059999999999999
16.07
16.079999999999998
16.09
16.100000000000001
16.109999999999999
16.120000000000001
16.129999999999999
16.140000000000001
16.149999999999999
16.16
16.170000000000002
16.18
16.190000000000001
16.199999999999999
16.210000000000001
16.219999999999999
16.23
16.239999999999998
16.25
16.260000000000002
16.27
16.280000000000001
16.289999999999999
16.300000000000001
16.309999999999999
16.32
16.329999999999998
16.34
16.350000000000001
16.359999999999999
16.370000000000001
16.379999999999999
16.390000000000001
16.399999999999999
16.41
16.420000000000002
16.43
16.440000000000001
16.449999999999999
16.460000000000001
16.469999999999999
16.48
16.489999999999998
16.5
16.510000000000002
16.52
16.530000000000001
16.539999999999999
16.550000000000001
16.559999999999999
16.57
16.579999999999998
16.59
16.600000000000001
16.609999999999999
16.620000000000001
16.629999999999999
16.640000000000001
16.649999999999999
16.66
16.670000000000002
16.68
16.690000000000001
16.699999999999999
16.710000000000001
16.719999999999999
16.73
16.739999999999998
16.75
16.760000000000002
16.77
16.780000000000001
16.789999999999999
16.800000000000001
16.809999999999999
16.82
16.829999999999998
16.84
16.850000000000001
16.859999999999999
16.870000000000001
16.879999999999999
16.890000000000001
16.899999999999999
16.91
16.920000000000002
16.93
16.940000000000001
16.949999999999999
16.960000000000001
16.969999999999999
16.98
16.989999999999998
17
17.010000000000002
17.02
17.030000000000001
17.039999999999999
17.050000000000001
17.059999999999999
17.07
17.079999999999998
17.09
17.100000000000001
17.109999999999999
17.120000000000001
17.129999999999999
17.140000000000001
17.149999999999999
17.16
17.170000000000002
17.18
17.190000000000001
17.199999999999999
17.210000000000001
17.219999999999999
17.23
17.239999999999998
17.25
17.260000000000002
17.27
17.280000000000001
17.289999999999999
17.300000000000001
17.309999999999999
17.32
17.329999999999998
17.34
17.350000000000001
17.359999999999999
17.370000000000001
17.379999999999999
17.390000000000001
17.399999999999999
17.41
17.420000000000002
17.43
17.440000000000001
17.449999999999999
17.460000000000001
17.469999999999999
17.48
17.489999999999998
17.5
0.7414399656149252
0.74081979886343219
0.74019992723239325
0.73958035325781168
0.73896107945510459
0.73834210831920311
0.73772344232465104
0.73710508392570562
0.73648703555643658
0.73586929963082581
0.73525187854286722
0.73463477466666627
0.7340179903565397
0.73340152794711422
0.73278538975342733
0.73216957807102556
0.73155409517606385
0.73093894332540521
0.73032412475671948
0.72970964168858288
0.72909549632057546
0.72848169083338199
0.72786822738888857
0.7272551081302826
0.72664233518215049
0.72602991065057598
0.72541783662323811
0.72480611516951021
0.72419474834055597
0.72358373816942845
0.72297308667116666
0.72236279584289398
0.72175286766391378
0.72114330409580762
0.72053410708253129
0.71992527855051125
0.71931682040874145
0.71870873454887951
0.71810102284534194
0.71749368715540018
0.71688672931927688
0.71628015116023924
0.71567395448469651
0.71506814108229233
0.71446271272600148
0.71385767117222254
0.71325301816087272
0.71264875541548145
0.71204488464328464
0.71144140753531671
0.71083832576650452
0.7102356409957602
0.70963335486607348
0.70903146900460345
0.70842998502277155
0.70782890451635261
0.70722822906556582
0.70662796023516761
0.70602809957454038
0.70542864861778409
0.70482960888380708
0.70423098187641486
0.70363276908440087
0.70303497198163489
0.70243759202715328
0.70184063066524605
0.70124408932554805
0.70064796942312391
0.70005227235855838
0.69945699951804263
0.69886215227346216
0.69826773198248293
0.69767373998863891
0.69708017762141772
0.6964870461963466
0.69589434701507868
0.69530208136547755
0.69471025052170199
0.69411885574429211
0.69352789828025174
0.6929373793631346
0.69234730021312596
0.69175766203712696
0.69116846602883708
0.69057971336883806
0.68999140522467484
0.68940354275093774
0.68881612708934514
0.68822915936882345
0.68764264070558889
0.68705657220322813
0.6864709549527781
0.68588579003280659
0.68530107850949118
0.68471682143669865
0.68413301985606467
0.68354967479707063
0.68296678727712457
0.68238435830163569
0.6818023888640945
0.68122087994614977
0.68063983251768345
0.6800592475368894
0.67947912595034765
0.6788994686931018
0.67832027668873329
0.67774155084943755
0.67716329207609749
0.67658550125835881
0.67600817927470347
0.67543132699252395
0.67485494526819634
0.67427903494715302
0.67370359686395542
0.67312863184236726
0.67255414069542463
0.67198012422550935
0.67140658322441937
0.67083351847343997
0.6702609307434132
0.6696888207948104
0.66911718937779996
0.66854603723231687
0.66797536508813415
0.66740517366492846
0.66683546367235114
0.66626623581009481
0.66569749076796225
0.66512922922593243
0.66456145185422899
0.66399415931338601
0.66342735225431571
0.66286103131837193
0.66229519713741924
0.66172985033389553
0.66116499152087782
0.66060062130214825
0.66003674027225645
0.65947334901658472
0.65891044811141164
0.6583480381239748
0.65778611961253453
0.65722469312643605
0.65666375920617193
0.65610331838344393
0.6555433711812253
0.65498391811382128
0.65442495968693026
0.65386649639770489
0.65330852873481216
0.6527510571784928
0.65219408220062225
0.65163760426476869
0.65108162382625268
0.65052614133220599
0.64997115722162957
0.64941667192545149
0.64886268586658524
0.648309199459987
0.6477562131127117
0.64720372722397135
0.64665174218519028
0.64610025838006169
0.64554927618460334
0.64499879596721332
0.64444881808872467
0.64389934290246087
0.6433503707542898
0.64280190198267795
0.64225393691874511
0.64170647588631724
0.64115951920197989
0.64061306717513111
0.64006712010803468
0.6395216782958717
0.63897674202679311
0.63843231158197178
0.63788838723565267
0.6373449692552059
0.63680205790117617
0.63625965342733382
0.63571775608072456
0.63517636610172079
0.63463548372406997
0.63409510917494416
0.63355524267498997
0.6330158844383762
0.63247703467284344
0.63193869357975141
0.63140086135412743
0.63086353818471375
0.63032672425401526
0.62979041973834615
0.62925462480787697
0.62871933962668092
0.62818456435278047
0.62765029913819304
0.62711654412897644
0.62658329946527458
0.6260505652813626
0.62551834170569198
0.62498662886093403
0.62445542686402533
0.62392473582621144
0.62339455585309034
0.62286488704465615
0.62233572949534244
0.62180708329406509
0.6212789485242648
0.62075132526394972
0.62022421358573765
0.6196976135568979
0.61917152523939278
0.61864594868991918
0.61812088395994957
0.61759633109577283
0.61707229013853526
0.61654876112428025
0.61602574408398891
0.61550323904361992
0.61498124602414872
0.61445976504160738
0.61393879610712321
0.61341833922695832
0.61289839440254767
0.61237896163053696
0.61186004090282242
0.61134163220658677
0.61082373552433833
0.61030635083394758
0.60978947810868467
0.60927311731725653
0.60875726842384281
0.60824193138813365
0.60772710616536418
0.60721279270635253
0.60669899095753377
0.60618570086099643
0.60567292235451786
0.60516065537159891
0.60464889984149872
0.60413765568927014
0.60362692283579311
0.60311670119780958
0.60260699068795698
0.60209779121480267
0.60158910268287635
0.60108092499270493
0.60057325804084372
0.60006610171991137
0.5995594559186207
0.59905332052181204
0.59854769541048602
0.59804258046183401
0.59753797554927168
0.59703388054246953
0.59653029530738444
0.59602721970629124
0.59552465359781348
0.59502259683695402
0.59452104927512617
0.59402001076018318
0.59351948113644981
0.59301946024475061
0.59251994792244123
0.59202094400343674
0.59152244831824252
0.59102446069398196
0.59052698095442602
0.59003000892002244
0.58953354440792416
0.58903758723201727
0.58854213720294979
0.58804719412815953
0.58755275781190242
0.58705882805527887
0.58656540465626283
0.58607248740972839
0.58558007610747675
0.58508817053826334
0.58459677048782477
0.58410587573890527
0.583615486071283
0.58312560126179624
0.58263622108436997
0.58214734531004086
0.58165897370698383
0.58117110604053712
0.5806837420732277
0.58019688156479654
0.57971052427222347
0.5792246699497523
0.57873931834891512
0.5782544692185575
0.57777012230486158
0.57728627735137183
0.57680293409901773
0.57632009228613845
0.57583775164850581
0.57535591191934887
0.57487457282937604
0.57439373410679928
0.57391339547735665
0.57343355666433515
0.57295421738859398
0.57247537736858645
0.57199703632038268
0.57151919395769202
0.57104184999188512
0.5705650041320155
0.57008865608484183
0.56961280555484928
0.56913745224427159
0.56866259585311152
0.56818823607916258
0.56771437261803048
0.56724100516315312
0.56676813340582244
0.56629575703520385
0.5658238757383578
0.5653524892002596
0.56488159710381969
0.56441119912990378
0.56394129495735257
0.56347188426300199
0.56300296672170225
0.56253454200633768
0.56206660978784617
0.56159916973523838
0.5611322215156167
0.56066576479419417
0.56019979923431384
0.55973432449746652
0.55926934024331043
0.55880484612968895
0.55834084181264887
0.55787732694645931
0.557414301183629
0.55695176417492442
0.55648971556938798
0.5560281550143551
0.55556708215547246
0.55510649663671474
0.55464639810040228
0.55418678618721828
0.55372766053622569
0.5532690207848846
0.5528108665690683
0.55235319752308065
0.55189601327967241
0.5514393134700577
0.55098309772393039
0.55052736566948013
0.55007211693340907
0.5496173511409469
0.54916306791586789
0.54870926688050548
0.5482559476557689
0.54780310986115821
0.54735075311477988
0.54689887703336215
0.54644748123227016
0.5459965653255211
0.54554612892579923
0.54509617164447088
0.54464669309159885
0.54419769287595776
0.54374917060504768
0.5433011258851097
0.54285355832113935
0.54240646751690147
0.5419598530749441
0.54151371459661246
0.54106805168206307
0.5406228639302777
0.54017815093907695
0.53973391230513368
0.5392901476239873
0.53884685649005626
0.53840403849665219
0.53796169323599285
0.53751982029921519
0.53707841927638866
0.53663748975652803
0.53619703132760621
0.53575704357656728
0.53531752608933902
0.53487847845084535
0.53443990024501931
0.53400179105481471
0.5335641504622195
0.53312697804826703
0.53269027339304864
0.53225403607572574
0.5318182656745416
0.53138296176683342
0.53094812392904411
0.53051375173673376
0.53007984476459136
0.52964640258644646
0.52921342477528066
0.52878091090323864
0.52834886054163988
0.52791727326098936
0.52748614863098919
0.52705548622054932
0.5266252855977982
0.52619554633009447
0.52576626798403725
0.52533745012547661
0.52490909231952465
0.5244811941305656
0.52405375512226682
0.52362677485758891
0.52320025289879579
0.5227741888074654
0.52234858214449942
0.52192343247013384
0.52149873934394841
0.52107450232487706
0.52065072097121734
0.52022739484064051
0.51980452349020123
0.51938210647634708
0.51896014335492802
0.51853863368120612
0.51811757700986505
0.51769697289501904
0.51727682089022231
0.51685712054847854
0.51643787142225006
0.51601907306346595
0.51560072502353238
0.51518282685334094
0.51476537810327705
0.51434837832322955
0.51393182706259899
0.51351572387030642
0.51310006829480193
0.5126848598840732
0.51227009818565394
0.51185578274663246
0.51144191311365972
0.51102848883295771
0.51061550945032808
0.51020297451115937
0.50979088356043611
0.50937923614274605
0.50896803180228867
0.50855727008288276
0.50814695052797432
0.5077370726806445
0.50732763608361686
0.50691864027926581
0.50651008480962345
0.5061019692163875
0.50569429304092883
0.50528705582429845
0.5048802571072355
0.50447389643017404
0.50406797333325049
0.50366248735631103
0.50325743803891831
0.50285282492035888
0.50244864753965024
0.50204490543554736
0.50164159814655029
0.50123872521091029
0.50083628616663722
0.50043428055150618
0.50003270790306376
0.49963156775863521
0.49923085965533115
0.49883058313005352
0.49843073771950247
0.49803132296018271
0.49763233838840992
0.49723378354031722
0.49683565795186113
0.49643796115882816
0.4960406926968407
0.49564385210136364
0.49524743890770984
0.49485145265104657
0.49445589286640135
0.49406075908866809
0.49366605085261278
0.49327176769287939
0.49287790914399582
0.49248447474037954
0.49209146401634324
0.49169887650610061
0.491306711743772
0.49091496926338973
0.49052364859890407
0.49013274928418826
0.48974227085304428
0.4893522128392081
0.48896257477635513
0.48857335619810532
0.48818455663802873
0.48779617562965055
0.48740821270645629
0.48702066740189692
0.48663353924939429
0.4862468277823454
0.48586053253412859
0.48547465303810722
0.48508918882763558
0.48470413943606327
0.48431950439674037
0.48393528324302187
0.48355147550827293
0.48316808072587303
0.48278509842922129
0.48240252815174062
0.48202036942688253
0.48163862178813183
0.48125728476901092
0.48087635790308436
0.48049584072396362
0.48011573276531094
0.47973603356084438
0.47935674264434169
0.47897785954964472
0.4785993838106638
0.47822131496138204
0.4778436525358592
0.47746639606823632
0.47708954509273954
0.47671309914368415
0.47633705775547919
0.47596142046263074
0.47558618679974624
0.47521135630153877
0.47483692850283044
0.47446290293855659
0.47408927914376964
0.4737160566536428
0.47334323500347408
0.47297081372868977
0.47259879236484831
0.47222717044764406
0.47185594751291088
0.47148512309662582
0.47111469673491246
0.47074466796404502
0.47037503632045147
0.47000580134071701
0.46963696256158788
0.4692685195199745
0.46890047175295518
0.46853281879777897
0.46816556019186983
0.46779869547282926
0.46743222417843983
0.46706614584666856
0.46670046001567012
0.46633516622378984
0.4659702640095672
0.46560575291173867
0.46524163246924111
0.46487790222121467
0.46451456170700611
0.46415161046617154
0.46378904803847959
0.46342687396391441
0.46306508778267857
0.46270368903519604
0.46234267726211509
0.46198205200431125
0.46162181280288983
0.46126195919918933
0.46090249073478373
0.46054340695148543
0.46018470739134815
0.45982639159666938
0.45946845910999329
0.45911090947411332
0.45875374223207499
0.45839695692717819
0.45804055310298025
0.45768453030329792
0.4573288880722105
0.45697362595406205
0.45661874349346399
0.45626424023529755
0.45591011572471624
0.45555636950714823
0.45520300112829903
0.45485001013415344
0.45449739607097822
0.4541451584853245
0.4537932969240297
0.45344181093422026
0.45309070006331376
0.45273996385902104
0.45238960186934873
0.4520396136426012
0.45168999872738286
0.45134075667260021
0.45099188702746418
0.45064338934149223
0.45029526316451018
0.44994750804665468
0.44960012353837497
0.44925310919043526
0.44890646455391631
0.44856018918021778
0.44821428262106006
0.44786874442848623
0.44752357415486416
0.44717877135288819
0.44683433557558133
0.44649026637629685
0.44614656330872032
0.44580322592687127
0.44546025378510534
0.44511764643811602
0.44477540344093591
0.44443352434893929
0.44409200871784321
0.4437508561037099
0.44341006606294769
0.44306963815231337
0.44272957192891349
0.4423898669502061
0.4420505227740027
0.44171153895846932
0.44137291506212861
0.44103465064386116
0.44069674526290725
0.44035919847886834
0.44002200985170853
0.43968517894175607
0.43934870530970516
0.43901258851661712
0.43867682812392206
0.43834142369342005
0.43800637478728333
0.43767168096805648
0.43733734179865902
0.43700335684238623
0.43666972566291051
0.43633644782428316
0.43600352289093508
0.43567095042767867
0.43533872999970902
0.43500686117260501
0.43467534351233073
0.43434417658523683
0.43401335995806156
0.43368289319793252
0.43335277587236709
0.43302300754927436
0.43269358779695594
0.43236451618410748
0.43203579227981936
0.4317074156535784
0.43137938587526842
0.43105170251517205
0.43072436514397111
0.43039737333274841
0.43007072665298829
0.42974442467657814
0.42941846697580921
0.42909285312337736
0.42876758269238496
0.42844265525634112
0.428118070389163
0.42779382766517682
0.42746992665911882
0.42714636694613639
0.42682314810178856
0.42650026970204757
0.42617773132329922
0.42585553254234432
0.42553367293639932
0.42521215208309715
0.42489096956048827
0.42457012494704149
0.42424961782164483
0.42392944776360642
0.42360961435265532
0.4232901171689421
0.42297095579304012
0.42265212980594608
0.42233363878908081
0.42201548232428998
0.42169765999384518
0.42138017138044431
0.42106301606721269
0.42074619363770321
0.4204297036758981
0.42011354576620852
0.41979771949347583
0.41948222444297228
0.41916706020040179
0.41885222635190028
0.41853772248403665
0.41822354818381319
0.41790970303866659
0.41759618663646786
0.41728299856552398
0.41697013841457786
0.41665760577280864
0.41634540022983341
0.41603352137570648
0.41572196880092083
0.41541074209640849
0.4150998408535409
0.41478926466412969
0.41447901312042695
0.41416908581512613
0.41385948234136238
0.41355020229271267
0.41324124526319728
0.41293261084727922
0.41262429863986511
0.41231630823630622
0.41200863923239794
0.41170129122438109
0.41139426380894173
0.41108755658321217
0.41078116914477097
0.41047510109164353
0.41016935202230242
0.40986392153566809
0.40955880923110877
0.40925401470844169
0.40894953756793179
0.40864537741029461
0.40834153383669425
0.40803800644874511
0.40773479484851194
0.40743189863850982
0.40712931742170533
0.40682705080151571
0.40652509838181022
0.40622345976690999
0.40592213456158827
0.4056211223710709
0.40532042280103664
0.40502003545761711
0.40471995994739762
0.4044201958774169
0.40412074285516764
0.40382160048859683
0.40352276838610573
0.40322424615655028
0.40292603340924132
0.40262812975394474
0.40233053480088199
0.40203324816072988
0.40173626944462093
0.40143959826414372
0.40114323423134302
0.4008471769587198
0.40055142605923166
0.40025598114629285
0.39996084183377451
0.39966600773600469
0.39937147846776866
0.39907725364430896
0.39878333288132595
0.398489715794977
0.39819640200187767
0.39790339111910111
0.3976106827641786
0.39731827655509933
0.39702617211031094
0.39673436904871912
0.39644286698968784
0.39615166555303993
0.39586076435905654
0.39557016302847736
0.39527986118250097
0.39498985844278456
0.39470015443144424
0.39441074877105492
0.39412164108465053
0.39383283099572397
0.39354431812822693
0.39325610210657058
0.39296818255562477
0.39268055910071847
0.39239323136764004
0.39210619898263666
0.39181946157241482
0.39153301876414015
0.39124687018543736
0.39096101546439016
0.39067545422954159
0.39039018610989346
0.39010521073490728
0.38982052773450282
0.38953613673905924
0.38925203737941488
0.38896822928686664
0.38868471209317046
0.38840148543054104
0.38811854893165199
0.38783590222963554
0.38755354495808264
0.38727147675104256
0.38698969724302357
0.38670820606899203
0.38642700286437259
0.38614608726504851
0.38586545890736074
0.38558511742810864
0.3853050624645496
0.38502529365439869
0.38474581063582863
0.38446661304747026
0.38418770052841156
0.38390907271819796
0.38363072925683228
0.38335266978477472
0.38307489394294203
0.38279740137270812
0.38252019171590379
0.38224326461481634
0.38196661971218931
0.38169025665122303
0.38141417507557362
0.38113837462935329
0.38086285495713013
0.38058761570392807
0.38031265651522606
0.38003797703695885
0.37976357691551632
0.37948945579774307
0.37921561333093884
0.37894204916285756
0.37866876294170787
0.37839575431615258
0.37812302293530853
0.3778505684487462
0.37757839050649017
0.37730648875901796
0.37703486285726046
0.37676351245260165
0.37649243719687825
0.3762216367423793
0.37595111074184645
0.37568085884847352
0.375410880715906
0.37514117599824093
0.37487174435002718
0.37460258542626457
0.37433369888240364
0.37406508437434594
0.37379674155844334
0.37352867009149793
0.37326086963076166
0.37299333983393634
0.37272608035917315
0.37245909086507217
0.37219237101068287
0.37192592045550299
0.37165973885947878
0.37139382588300451
0.37112818118692237
0.37086280443252195
0.37059769528154052
0.37033285339616173
0.37006827843901646
0.36980397007318155
0.36953992796218055
0.36927615176998208
0.36901264116100091
0.36874939580009691
0.36848641535257481
0.36822369948418399
0.36796124786111828
0.36769906015001508
0.3674371360179563
0.36717547513246651
0.36691407716151414
0.3666529417735096
0.36639206863730622
0.36613145742219944
0.36587110779792642
0.36561101943466601
0.36535119200303789
0.36509162517410287
0.36483231861936238
0.3645732720107574
0.36431448502066954
0.36405595732191953
0.36379768858776734
0.36353967849191149
0.36328192670848958
0.36302443291207687
0.36276719677768665
0.36251021798076921
0.36225349619721281
0.36199703110334153
0.36174082237591648
0.36148486969213445
0.36122917272962818
0.36097373116646525
0.36071854468114894
0.36046361295261653
0.36020893566023954
0.35995451248382371
0.35970034310360799
0.35944642720026465
0.35919276445489851
0.3589393545490468
0.35868619716467898
0.35843329198419582
0.3581806386904296
0.35792823696664333
0.3576760864965306
0.35742418696421496
0.35717253805424987
0.35692113945161785
0.35666999084173068
0.35641909191042853
0.35616844234397965
0.35591804182908038
0.35566789005285437
0.35541798670285174
0.35516833146704996
0.35491892403385228
0.35466976409208784
0.35442085133101087
0.35417218544030127
0.35392376611006293
0.35367559303082435
0.35342766589353747
0.35317998438957787
0.35293254821074382
0.35268535704925641
0.35243841059775882
0.35219170854931603
0.35194525059741411
0.35169903643596034
0.35145306575928248
0.35120733826212802
0.35096185363966442
0.35071661158747836
0.35047161180157549
0.35022685397837949
0.3499823378147322
0.34973806300789329
0.34949402925553924
0.34925023625576335
0.34900668370707533
0.34876337130840041
0.34852029875907964
0.34827746575886898
0.34803487200793881
0.34779251720687376
0.34755040105667223
0.34730852325874589
0.34706688351491921
0.34682548152742898
0.34658431699892422
0.3463433896324653
0.34610269913152381
0.34586224519998165
0.34562202754213167
0.34538204586267585
0.34514229986672601
0.34490278925980233
0.34466351374783388
0.34442447303715751
0.3441856668345179
0.34394709484706676
0.34370875678236246
0.34347065234836949
0.34323278125345846
0.34299514320640501
0.34275773791638997
0.34252056509299816
0.34228362444621896
0.34204691568644502
0.34181043852447207
0.34157419267149869
0.34133817783912535
0.34110239373935447
0.34086684008458989
0.34063151658763591
0.34039642296169748
0.34016155892037969
0.33992692417768661
0.3396925184480214
0.33945834144618647
0.33922439288738143
0.33899067248720383
0.33875717996164889
0.33852391502710777
0.33829087740036828
0.33805806679861433
0.33782548293942488
0.33759312554077353
0.33736099432102873
0.33712908899895255
0.33689740929370116
0.33666595492482304
0.33643472561225929
0.33620372107634366
0.33597294103780118
0.33574238521774846
0.33551205333769202
0.33528194511952919
0.33505206028554729
0.33482239855842233
0.33459295966121982
0.33436374331739305
0.33413474925078351
0.33390597718562043
0.33367742684651969
0.33344909795848338
0.33322099024690022
0.3329931034375444
0.3327654372565747
0.3325379914305352
0.3323107656863537
0.33208375975134191
0.33185697335319458
0.33163040621998957
0.33140405808018658
0.33117792866262746
0.33095201769653526
0.33072632491151371
0.33050085003754703
0.33027559280499974
0.33005055294461555
0.32982573018751671
0.32960112426520488
0.32937673490955877
0.32915256185283553
0.32892860482766872
0.32870486356706885
0.3284813378044224
0.3282580272734919
0.32803493170841447
0.32781205084370235
0.3275893844142419
0.32736693215529322
0.32714469380248978
0.32692266909183787
0.32670085775971586
0.32647925954287449
0.32625787417843521
0.32603670140389107
0.32581574095710497
0.32559499257631064
0.32537445600011
0.32515413096747492
0.32493401721774562
0.32471411449063037
0.32449442252620492
0.32427494106491239
0.32405566984756196
0.32383660861532959
0.32361775710975649
0.32339911507274954
0.3231806822465797
0.32296245837388293
0.32274444319765799
0.32252663646126811
0.32230903790843851
0.32209164728325707
0.32187446433017319
0.3216574887939983
0.32144072041990396
0.32122415895342304
0.32100780414044788
0.32079165572723001
0.32057571346038061
0.32035997708686914
0.32014444635402306
0.31992912100952731
0.31971400080142409
0.31949908547811234
0.3192843747883472
0.31906986848123897
0.31885556630625367
0.31864146801321203
0.31842757335228877
0.31821388207401269
0.31800039392926538
0.31778710866928223
0.31757402604564988
0.3173611458103075
0.3171484677155455
0.31693599151400542
0.31672371695867879
0.31651164380290758
0.31629977180038316
0.3160881007051457
0.31587663027158402
0.31566536025443565
0.31545429040878459
0.31524342049006304
0.3150327502540492
0.31482227945686769
0.31461200785498888
0.31440193520522836
0.31419206126474669
0.31398238579104804
0.31377290854198142
0.31356362927573844
0.31335454775085381
0.31314566372620478
0.31293697696101053
0.31272848721483171
0.3125201942475696
0.31231209781946656
0.31210419769110465
0.31189649362340566
0.31168898537763046
0.31148167271537852
0.31127455539858773
0.31106763318953368
0.31086090585082837
0.31065437314542199
0.31044803483659972
0.31024189068798347
0.31003594046353028
0.30983018392753148
0.30962462084461384
0.30941925097973766
0.30921407409819607
0.3090090899656166
0.30880429834795786
0.30859969901151185
0.30839529172290125
0.3081910762490806
0.30798705235733453
0.30778321981527834
0.30757957839085692
0.30737612785234436
0.30717286796834387
0.30696979850778694
0.30676691923993277
0.30656422993436805
0.30636173036100667
0.30615942029008902
0.30595729949218131
0.30575536773817541
0.3055536247992886
0.30535207044706253
0.30515070445336312
0.30494952659038022
0.30474853663062651
0.30454773434693799
0.30434711951247284
0.30414669190071131
0.30394645128545461
0.30374639744082532
0.3035465301412667
0.30334684916154181
0.30314735427673339
0.30294804526224306
0.30274892189379166
0.30254998394741817
0.30235123119947893
0.30215266342664782
0.30195428040591582
0.30175608191458997
0.30155806773029387
0.30136023763096587
0.30116259139485957
0.30096512880054349
0.3007678496269004
0.30057075365312591
0.30037384065872952
0.3001771104235339
0.29998056272767304
0.29978419735159367
0.29958801407605334
0.29939201268212079
0.29919619295117589
0.29900055466490716
0.29880509760531426
0.29860982155470528
0.29841472629569699
0.29821981161121469
0.29802507728449118
0.29783052309906727
0.29763614883878986
0.29744195428781295
0.29724793923059634
0.29705410345190553
0.296860446736811
0.29666696887068833
0.29647366963921667
0.29628054882837951
0.2960876062244639
0.29589484161405877
0.29570225478405676
0.29550984552165188
0.29531761361433995
0.29512555884991776
0.29493368101648282
0.294741979902433
0.29455045529646634
0.2943591069875795
0.29416793476506875
0.29397693841852829
0.2937861177378509
0.29359547251322704
0.29340500253514346
0.29321470759438495
0.29302458748203164
0.29283464198945974
0.29264487090834135
0.29245527403064298
0.29226585114862624
0.29207660205484642
0.29188752654215239
0.29169862440368688
0.29150989543288536
0.29132133942347505
0.29113295616947577
0.29094474546519866
0.2907567071052457
0.29056884088451007
0.29038114659817504
0.29019362404171284
0.29000627301088644
0.28981909330174704
0.28963208471063373
0.28944524703417496
0.28925858006928606
0.28907208361316972
0.2888857574633153
0.2886996014174989
0.28851361527378239
0.28832779883051285
0.28814215188632275
0.28795667424012938
0.28777136569113404
0.28758622603882178
0.28740125508296105
0.28721645262360385
0.28703181846108372
0.286847352396017
0.28666305422930166
0.28647892376211703
0.28629496079592287
0.28611116513245988
0.28592753657374836
0.28574407492208864
0.28556077998005991
0.28537765155052019
0.28519468943660586
0.2850118934417315
0.28482926336958841
0.28464679902414569
0.2844645002096492
0.28428236673062079
0.28410039839185819
0.28391859499843419
0.28373695635569718
0.28355548226926985
0.28337417254504915
0.28319302698920601
0.28301204540818425
0.28283122760870111
0.28265057339774596
0.28247008258258083
0.28228975497073894
0.28210959037002503
0.2819295885885148
0.28174974943455439
0.28157007271675993
0.28139055824401765
0.28121120582548265
0.28103201527057842
0.28085298638899786
0.28067411899070205
0.28049541288591812
0.28031686788514232
0.28013848379913625
0.27996026043892908
0.27978219761581552
0.27960429514135565
0.2794265528273755
0.27924897048596492
0.27907154792947886
0.27889428497053653
0.27871718142202007
0.27854023709707504
0.27836345180911021
0.27818682537179606
0.27801035759906595
0.27783404830511432
0.27765789730439705
0.27748190441163045
0.27730606944179165
0.27713039221011804
0.27695487253210604
0.27677951022351183
0.27660430510035
0.27642925697889398
0.27625436567567518
0.27607963100748256
0.27590505279136235
0.2757306308446178
0.27555636498480862
0.27538225502975089
0.27520830079751557
0.27503450210643005
0.27486085877507582
0.27468737062228943
0.27451403746716119
0.27434085912903527
0.27416783542750994
0.27399496618243518
0.27382225121391468
0.27364969034230358
0.27347728338820976
0.27330503017249153
0.2731329305162592
0.27296098424087312
0.27278919116794403
0.27261755111933322
0.27244606391715043
0.2722747293837558
0.27210354734175729
0.27193251761401166
0.27176164002362357
0.27159091439394556
0.271420340548577
0.27124991831136469
0.27107964750640146
0.27090952795802647
0.27073955949082484
0.27056974192962674
0.27040007509950703
0.27023055882578606
0.27006119293402808
0.26989197725004099
0.26972291159987605
0.26955399580982797
0.2693852297064343
0.26921661311647505
0.26904814586697157
0.2688798277851876
0.26871165869862773
0.26854363843503748
0.26837576682240327
0.26820804368895113
0.26804046886314725
0.26787304217369717
0.26770576344954539
0.26753863251987514
0.26737164921410828
0.26720481336190371
0.26703812479315925
0.26687158333800876
0.26670518882682359
0.26653894109021148
0.26637283995901628
0.26620688526431746
0.26604107683743028
0.26587541450990443
0.26570989811352497
0.26554452748031054
0.26537930244251484
0.26521422283262375
0.26504928848335763
0.26488449922766899
0.26471985489874317
0.2645553553299973
0.26439100035508123
0.26422678980787523
0.26406272352249116
0.26389880133327159
0.2637350230747893
0.26357138858184742
0.26340789768947848
0.26324455023294446
0.26308134604773631
0.26291828496957337
0.26275536683440348
0.26259259147840247
0.26242995873797337
0.26226746844974685
0.26210512045058021
0.2619429145775572
0.26178085066798773
0.26161892855940788
0.26145714808957871
0.26129550909648658
0.26113401141834247
0.26097265489358246
0.2608114393608657
0.26065036465907565
0.26048943062731927
0.26032863710492615
0.26016798393144874
0.26000747094666199
0.25984709799056277
20.562999533425749
20.57727939530135
20.591567998712261
20.60586529794411
20.620171247490926
20.634485802054375
20.648808916543157
20.663140546072302
20.677480645962486
20.691829171739396
20.706186079133001
20.720551324076901
20.734924862707626
20.74930665136397
20.763696646586254
20.778094805115696
20.792501083893686
20.806915440061104
20.821337830957575
20.83576821412084
20.850206547286035
20.864652788384944
20.879106895545398
20.893568827090423
20.908038541537678
20.92251599759868
20.937001154178102
20.951493970373043
20.965994405472379
20.980502418955986
20.995017970494111
21.009541019946525
21.024071527361997
21.038609452977401
21.053154757217087
21.067707400692218
21.082267344199931
21.096834548722718
21.111408975427686
21.125990585665829
21.140579340971296
21.155175203060747
21.169778133832551
21.184388095366128
21.199005049921187
21.213628959937086
21.228259788032016
21.242897497002364
21.257542049821961
21.272193409641378
21.286851539787225
21.301516403761401
21.316187965240399
21.33086618807463
21.345551036287635
21.360242474075434
21.374940465805807
21.389644976017539
21.404355969419747
21.419073410891219
21.43379726547958
21.448527498400686
21.463264075037895
21.478006960941354
21.492756121827281
21.507511523577289
21.522273132237643
21.537040914018618
21.551814835293733
21.566594862599107
21.581380962632711
21.596173102253719
21.610971248481775
21.625775368496317
21.640585429635863
21.655401399397338
21.670223245435405
21.685050935561726
21.699884437744299
21.71472372010675
21.729568750927715
21.74441949864007
21.759275931830288
21.774138019237782
21.789005729754184
21.803879032422664
21.818757896437305
21.833642291142393
21.848532186031743
21.863427550748035
21.878328355082129
21.893234568972446
21.908146162504206
21.923063105908888
21.937985369563485
21.952912923989835
21.967845739854035
21.982783787965683
21.99772703927734
22.012675464883763
22.027629036021327
22.042587724067339
22.057551500539418
22.072520337094833
22.087494205529865
22.102473077779148
22.117456925915025
22.132445722146969
22.147439438820854
22.162438048418434
22.177441523556571
22.192449836986736
22.207462961594288
22.222480870397938
22.237503536549006
22.252530933330895
22.267563034158449
22.28259981257731
22.297641242263321
22.312687297021931
22.327737950787512
22.342793177622834
22.357852951718442
22.372917247391968
22.38798603908764
22.403059301375624
22.41813700895139
22.433219136635223
22.448305659371492
22.4633965522282
22.478491790396252
22.493591349188954
22.508695204041452
22.523803330510031
22.538915704271655
22.554032301123335
22.569153096981509
22.584278067881584
22.599407189977214
22.614540439539862
22.629677792958152
22.644819226737319
22.659964717498667
22.675114241978978
22.690267777029977
22.705425299617737
22.720586786822153
22.73575221583642
22.750921563966415
22.766094808630164
22.781271927357338
22.796452897788662
22.811637697675394
22.826826304878782
22.842018697369546
22.857214853227283
22.87241475063999
22.887618367903531
22.90282568342106
22.918036675702552
22.933251323364239
22.9484696051281
22.963691499821326
22.978916986375861
22.994146043827808
23.00937865131695
23.024614788086229
23.039854433481267
23.055097566949843
23.070344168041355
23.085594216406346
23.100847691796027
23.116104574061733
23.131364843154454
23.14662847912432
23.161895462120153
23.177165772388882
23.192439390275222
23.20771629622099
23.222996470764773
23.23827989454136
23.253566548281338
23.268856412810521
23.284149469049559
23.299445698013436
23.314745080810969
23.330047598644391
23.345353232808851
23.36066196469196
23.375973775773335
23.391288647624119
23.40660656190656
23.421927500373496
23.437251444867965
23.452578377322727
23.467908279759801
23.483241134290026
23.498576923112637
23.513915628514813
23.529257232871188
23.54460171864346
23.559949068379979
23.575299264715262
23.590652290369555
23.606008128148435
23.621366760942394
23.636728171726343
23.652092343559268
23.667459259583751
23.682828903025577
23.698201257193293
23.713576305477819
23.728954031352004
23.744334418370258
23.759717450168068
23.775103110461657
23.790491383047566
23.805882251802185
23.821275700681436
23.836671713720349
23.852070275032602
23.867471368810214
23.882874979323088
23.898281090918612
23.913689688021336
23.929100755132502
23.944514276829711
23.95993023776651
23.975348622672012
23.99076941635051
24.006192603681129
24.021618169617394
24.037046099186899
24.052476377490901
24.067908989703991
24.083343921073631
24.098781156919923
24.114220682635125
24.129662483683319
24.145106545600058
24.160552853992012
24.176001394536584
24.191452152981569
24.206905115144803
24.222360266913761
24.237817594245275
24.253277083165145
24.268738719767747
24.284202490215797
24.299668380739881
24.315136377638197
24.330606467276183
24.346078636086148
24.361552870566996
24.377029157283836
24.392507482867646
24.407987834014993
24.423470197487624
24.438954560112215
24.454440908779965
24.469929230446311
24.48541951213064
24.500911740915829
24.516405903948129
24.531901988436637
24.547399981653118
24.562899870931616
24.578401643668162
24.593905287320492
24.609410789407647
24.624918137509745
24.640427319267648
24.655938322382628
24.671451134616103
24.68696574378928
24.702482137782894
24.718000304536908
24.733520232050171
24.749041908380168
24.764565321642692
24.780090460011554
24.795617311718285
24.811145865051852
24.826676108358377
24.842208030040851
24.85774161855878
24.873276862427986
24.888813750220272
24.904352270563155
24.919892412139568
24.935434163687596
24.950977514000218
24.966522451924945
24.982068966363631
24.997617046272175
25.013166680660241
25.028717858590973
25.0442705691807
25.059824801598786
25.07538054506719
25.090937788860373
25.106496522304841
25.12205673477909
25.13761841571317
25.153181554588528
25.168746140937706
25.184312164344092
25.199879614441656
25.215448480914691
25.231018753497604
25.246590421974588
25.262163476179431
25.277737905995203
25.293313701354105
25.308890852237127
25.324469348673833
25.340049180742149
25.355630338568044
25.371212812325393
25.386796592235601
25.402381668567504
25.417968031637027
25.433555671806985
25.449144579486845
25.4647347451325
25.480326159246026
25.495918812375422
25.511512695114412
25.527107798102225
25.542704112023319
25.558301627607229
25.57390033562821
25.589500226905184
25.605101292301367
25.620703522724103
25.636306909124677
25.651911442498051
25.667517113882614
25.683123914360049
25.698731835055042
25.714340867135107
25.729951001810338
25.745562230333228
25.76117454399845
25.776787934142597
25.792402392144044
25.808017909422695
25.823634477439782
25.839252087697677
25.854870731739641
25.870490401149649
25.886111087552198
25.901732782612093
25.917355478034192
25.932979165563321
25.94860383698397
25.964229484120132
25.979856098835111
25.995483673031309
26.011112198650039
26.026741667671338
26.042372072113775
26.058003404034217
26.073635655527696
26.08926881872717
26.104902885803394
26.120537848964652
26.136173700456617
26.151810432562186
26.167448037601204
26.183086507930405
26.198725835943112
26.214366014069146
26.23000703477458
26.245648890561601
26.261291573968272
26.276935077568439
26.292579393971476
26.308224515822111
26.323870435800377
26.339517146621212
26.355164641034477
26.370812911824718
26.386461951810958
26.402111753846576
26.4177623108191
26.433413615650082
26.449065661294902
26.464718440742551
26.480371947015559
26.496026173169778
26.511681112294188
26.52733675751081
26.542993101974456
26.558650138872629
26.574307861425353
26.589966262884964
26.605625336535997
26.62128507569502
26.63694547371048
26.652606523962525
26.668268219862831
26.683930554854491
26.69959352241186
26.715257116040362
26.730921329276335
26.746586155686941
26.76225158886994
26.777917622453561
26.793584250096391
26.809251465487176
26.8249192623447
26.840587634417616
26.856256575484309
26.871926079352775
26.887596139860417
26.903266750873978
26.918937906289294
26.934609600031244
26.950281826053576
26.965954578338753
26.981627850897819
26.997301637770267
27.012975933023885
27.02865073075461
27.044326025086438
27.060001810171208
27.075678080188553
27.091354829345697
27.107032051877333
27.122709742045515
27.138387894139505
27.154066502475644
27.169745561397182
27.185425065274213
27.201105008503532
27.216785385508437
27.232466190738677
27.248147418670264
27.263829063805403
27.279511120672321
27.295193583825132
27.310876447843775
27.326559707333811
27.342243356926311
27.357927391277812
27.37361180507008
27.389296593010066
27.404981749829723
27.42066727028595
27.436353149160446
27.452039381259535
27.467725961414143
27.483412884479595
27.499100145335539
27.514787738885811
27.530475660058329
27.546163903804963
27.561852465101452
27.577541338947238
27.593230520365402
27.608920004402457
27.624609786128399
27.6402998606364
27.655990223042849
27.671680868487194
27.687371792131735
27.703062989161669
27.718754454784897
27.734446184231896
27.750138172755637
27.765830415631509
27.781522908157136
27.797215645652361
27.81290862345902
27.828601836940972
27.844295281483891
27.85998895249519
27.875682845403929
27.891376955660718
27.907071278737565
27.922765810127835
27.938460545346107
27.954155479928076
27.969850609430473
27.985545929430938
28.001241435527923
28.016937123340618
28.032632988508823
28.048329026692841
28.064025233573446
28.079721604851677
28.095418136248835
28.111114823506348
28.126811662385659
28.142508648668166
28.158205778155107
28.173903046667455
28.189600450045834
28.205297984150448
28.220995644860938
28.236693428076322
28.252391329714918
28.268089345714206
28.28378747203076
28.299485704640183
28.315184039536938
28.330882472734373
28.34658100026456
28.36227961817815
28.377978322544422
28.393677109451094
28.409375975004231
28.425074915328253
28.440773926565736
28.456473004877367
28.47217214644191
28.487871347456007
28.503570604134232
28.519269912708893
28.534969269429986
28.550668670565113
28.566368112399424
28.582067591235479
28.597767103393206
28.613466645209829
28.62916621303971
28.64486580325439
28.660565412242388
28.676265036409195
28.691964672177168
28.707664315985472
28.723363964289927
28.73906361356304
28.754763260293846
28.770462900987862
28.786162532167008
28.801862150369484
28.8175617521498
28.833261334078571
28.848960892742525
28.864660424744404
28.880359926702901
28.896059395252554
28.911758827043649
28.927458218742299
28.943157567030159
28.958856868604453
28.974556120177958
28.990255318478837
29.005954460250589
29.021653542252007
29.037352561257084
29.05305151405496
29.068750397449815
29.084449208260811
29.100147943322092
29.115846599482563
29.131545173605979
29.147243662570794
29.162942063270094
29.178640372611543
29.194338587517326
29.210036704924011
29.225734721782644
29.241432635058469
29.257130441731022
29.272828138794019
29.288525723255237
29.304223192136536
29.319920542473721
29.335617771316528
29.351314875728516
29.367011852787048
29.382708699583166
29.398405413221603
29.414101990820647
29.429798429512157
29.445494726441378
29.461190878767052
29.476886883661166
29.492582738309046
29.508278439909198
29.52397398567328
29.539669372826086
29.555364598605362
29.571059660261909
29.586754555059361
29.602449280274293
29.618143833195973
29.633838211126449
29.649532411380449
29.665226431285305
29.680920268180891
29.696613919419605
29.712307382366262
29.72800065439808
29.743693732904589
29.759386615287585
29.775079298961085
29.790771781351257
29.806464059896378
29.82215613204675
29.837847995264692
29.853539647024405
29.869231084812039
29.884922306125521
29.90061330847454
29.91630408938051
29.931994646376562
29.947684977007359
29.963375078829127
29.979064949409644
29.994754586328089
30.010443987175027
30.026133149552447
30.041822071073529
30.057510749362795
30.073199182055827
30.088887366799479
30.1045753012516
30.120262983081115
30.135950409967929
30.15163757960287
30.167324489687651
30.183011137934823
30.198697522067771
30.214383639820525
30.230069488937875
30.245755067175207
30.261440372298534
30.277125402084376
30.292810154319785
30.308494626802222
30.324178817339561
30.339862723750034
30.355546343862169
30.371229675514748
30.386912716556793
30.402595464847415
30.418277918255949
30.433960074661712
30.449641931954083
30.465323488032453
30.481004740806078
30.496685688194173
30.512366328125751
30.528046658539647
30.543726677384456
30.559406382618445
30.57508577220964
30.590764844135578
30.606443596383457
30.622122026949985
30.637800133841374
30.653477915073275
30.669155368670758
30.684832492668267
30.700509285109511
30.716185744047575
30.73186186754473
30.747537653672438
30.763213100511351
30.778888206151208
30.794562968690833
30.810237386238072
30.825911456909807
30.841585178831814
30.857258550138813
30.872931568974401
30.888604233490998
30.904276541849804
30.919948492220801
30.935620082782659
30.951291311722727
30.966962177237011
30.982632677530084
30.99830281081509
31.013972575313698
31.029641969256062
31.045310990880772
31.060979638434823
31.076647910173559
31.092315804360688
31.107983319268218
31.123650453176378
31.13931720437364
31.154983571156649
31.170649551830202
31.186315144707191
31.201980348108592
31.217645160363446
31.233309579808761
31.248973604789501
31.2646372336586
31.280300464776854
31.295963296512959
31.311625727243364
31.327287755352383
31.342949379232046
31.35861059728213
31.37427140791004
31.389931809530932
31.405591800567482
31.421251379449988
31.436910544616332
31.452569294511861
31.468227627589446
31.48388554230937
31.499543037139379
31.515200110554556
31.530856761037381
31.546512987077609
31.562168787172311
31.577824159825816
31.593479103549669
31.609133616862582
31.624787698290437
31.640441346366302
31.656094559630237
31.671747336629455
31.687399675918126
31.703051576057508
31.718703035615754
31.734354053167998
31.750004627296274
31.76565475658947
31.781304439643378
31.796953675060564
31.812602461450364
31.828250797428982
31.84389868161918
31.859546112650555
31.875193089159332
31.890839609788351
31.906485673187124
31.922131278011676
31.937776422924596
31.953421106595055
31.969065327698672
31.98470908491753
32.000352376940164
32.015995202461518
32.031637560182929
32.04727944881207
32.062920867062942
32.078561813655838
32.094202287317366
32.109842286780307
32.125481810783704
32.141120858072796
32.156759427398981
32.172397517519741
32.188035127198724
32.203672255205625
32.219308900316243
32.234945061312324
32.250580736981696
32.2662159261181
32.281850627521273
32.297484839996862
32.313118562356387
32.328751793417283
32.344384532002792
32.36001677694199
32.375648527069764
32.391279781226736
32.406910538259325
32.422540797019629
32.438170556365442
32.453799815160245
32.469428572273166
32.485056826578955
32.50068457695793
32.516311822296004
32.53193856148463
32.547564793420811
32.563190517007023
32.578815731151209
32.594440434766803
32.610064626772626
32.625688306092925
32.641311471657353
32.656934122400855
32.672556257263771
32.688177875191741
32.703798975135676
32.719419556051776
32.735039616901453
32.750659156651338
32.766278174273332
32.781896668744444
32.79751463904681
32.813132084167805
32.828749003099766
32.844365394840267
32.859981258391862
32.875596592762129
32.891211396963719
32.906825670014271
32.922439410936391
32.938052618757631
32.9536652925105
32.969277431232406
32.984889033965672
33.000500099757453
33.016110627659792
33.03172061672953
33.047330066028337
33.062938974622689
33.078547341583779
33.09415516598758
33.109762446914786
33.125369183450807
33.140975374685738
33.156581019714295
33.172186117635896
33.187790667554573
33.20339466857893
33.218998119822203
33.234601020402174
33.250203369441159
33.265805166066023
33.281406409408127
33.297007098603316
33.312607232791919
33.32820681111869
33.343805832732862
33.359404296788021
33.375002202442197
33.390599548857764
33.406196335201457
33.421792560644356
33.43738822436184
33.452983325533602
33.468577863343647
33.484171836980195
33.499765245635736
33.515358088506964
33.530950364794819
33.546542073704401
33.562133214444998
33.577723786230038
33.593313788277115
33.608903219807921
33.624492080048249
33.640080368227984
33.655668083581091
33.671255225345547
33.686841792763417
33.702427785080715
33.718013201547528
33.733598041417856
33.749182303949709
33.764765988405024
33.780349094049704
33.795931620153482
33.811513565990076
33.827094930837056
33.842675713975851
33.858255914691732
33.873835532273802
33.889414566015013
33.904993015212085
33.920570879165524
33.936148157179595
33.951724848562336
33.967300952625507
33.982876468684601
33.998451396058776
34.014025734070934
34.029599482047622
34.04517263931902
34.060745205218971
34.076317179084981
34.091888560258091
34.107459348083012
34.123029541907968
34.138599141084804
34.154168144968857
34.169736552919069
34.185304364297842
34.200871578471123
34.216438194808326
34.23200421268232
34.247569631469482
34.263134450549643
34.278698669305967
34.294262287125186
34.309825303397297
34.32538771751576
34.340949528877367
34.356510736882349
34.37207134093417
34.387631340439697
34.403190734809101
34.41874952345588
34.434307705796748
34.449865281251789
34.465422249244263
34.480978609200747
34.496534360551003
34.512089502728067
34.527644035168109
34.543197957310547
34.558751268597973
34.574303968476144
34.589856056393941
34.605407531803415
34.620958394159757
34.63650864292125
34.652058277549258
34.667607297508276
34.683155702265843
34.698703491292584
34.714250664062156
34.729797220051239
34.745343158739558
34.760888479609875
34.776433182147912
34.791977265842355
34.807520730184933
34.823063574670265
34.838605798795946
34.854147402062551
34.869688383973489
34.885228744035167
34.90076848175682
34.91630759665064
34.93184608823163
34.947383956017696
34.962921199529582
34.978457818290856
34.993993811827949
35.009529179670075
35.025063921349286
35.040598036400368
35.05613152436095
35.071664384771395
35.087196617174818
35.10272822111709
35.11825919614683
35.133789541815389
35.149319257676751
35.164848343287694
35.180376798207639
35.195904621998707
35.211431814225634
35.226958374455869
35.24248430225947
35.258009597209146
35.273534258880247
35.289058286850683
35.304581680700984
35.320104440014283
35.335626564376305
35.351148053375297
35.366668906602087
35.382189123650058
35.397708704115132
35.413227647595718
35.42874595369279
35.444263622009785
35.459780652152688
35.475297043729867
35.49081279635228
35.506327909633249
35.521842383188648
35.537356216636702
35.552869409598131
35.568381961696026
35.583893872555926
35.599405141805754
35.614915769075829
35.630425753998871
35.645935096209953
35.661443795346486
35.676951851048308
35.692459262957513
35.70796603071858
35.7234721539783
35.738977632385762
35.754482465592382
35.769986653251877
35.785490195020188
35.800993090555615
35.816495339518688
35.831996941572136
35.847497896381029
35.862998203612669
35.878497862936477
35.893996874024204
35.909495236549809
35.924992950189356
35.940490014621211
35.955986429525865
35.971482194585981
35.986977309486363
36.002471773914067
36.017965587558223
36.0334587501101
36.048951261263078
36.064443120712674
36.079934328156632
36.095424883294598
36.11091478582842
36.126404035462024
36.141892631901413
36.157380574854677
36.172867864031886
36.188354499145269
36.203840479908997
36.219325806039357
36.234810477254612
36.250294493275049
36.265777853822975
36.281260558622705
36.296742607400525
36.312223999884701
36.327704735805511
36.343184814895167
36.358664236887833
36.374143001519691
36.389621108528779
36.405098557655101
36.420575348640625
36.436051481229185
36.451526955166536
36.467001770200397
36.482475926080312
36.497949422557745
36.513422259386004
36.528894436320336
36.544365953117776
36.559836809537295
36.575307005339617
36.590776540287401
36.606245414145086
36.621713626678968
36.637181177657105
36.652648066849444
36.668114294027674
36.683579858965324
36.699044761437676
36.714509001221828
36.7299725780966
36.745435491842642
36.7608977422423
36.776359329079739
36.791820252140823
36.807280511213172
36.822740106086094
36.838199036550691
36.85365730239976
36.869114903427771
36.884571839430919
36.900028110207096
36.915483715555858
36.930938655278524
36.946392929177961
36.96184653705884
36.977299478727332
36.992751753991442
37.008203362660673
37.02365430454627
37.039104579461025
37.054554187219416
37.070003127637527
37.085451400533074
37.10089900572531
37.116345943035199
37.131792212285191
37.147237813299334
37.162682745903368
37.178127009924481
37.193570605191475
37.209013531534694
37.224455788786102
37.23989737677914
37.255338295348821
37.270778544331634
37.286218123565718
37.301657032890638
37.317095272147498
37.33253284117891
37.347969739828983
37.3634059679434
37.378841525369175
37.394276411954962
37.409710627550837
37.425144172008331
37.44057704518044
37.456009246921681
37.471440777087942
37.48687163553663
37.502301822126554
37.517731336718001
37.533160179172576
37.548588349353487
37.564015847125212
37.5794426723537
37.594868824906321
37.610294304651831
37.625719111460377
37.641143245203473
37.656566705754095
37.671989492986491
37.687411606776386
37.702833047000816
37.718253813538169
37.733673906268201
37.749093325072032
37.764512069832122
37.779930140432278
37.795347536757617
37.810764258694604
37.826180306131029
37.841595678955997
37.857010377059879
37.872424400334388
37.887837748672638
37.903250421968828
37.91866242011865
37.934073743018942
37.949484390567875
37.964894362664936
37.980303659210804
37.995712280107433
38.011120225258132
38.026527494567318
38.041934087940795
38.057340005285489
38.072745246509676
38.088149811522726
38.103553700235402
38.118956912559561
38.134359448408347
38.149761307696117
38.165162490338361
38.180562996251851
38.19596282535452
38.211361977565531
38.226760452805202
38.242158250995004
38.257555372057652
38.272951815917018
38.288347582498105
38.303742671727115
38.319137083531395
38.334530817839429
38.349923874580909
38.365316253686629
38.380707955088504
38.396098978719593
38.411489324514129
38.426878992407453
38.442267982335977
38.457656294237296
38.47304392805006
38.488430883714095
38.503817161170254
38.519202760360521
38.53458768122799
38.549971923716839
38.565355487772329
38.580738373340779
38.596120580369551
38.611502108807166
38.626882958603218
38.642263129708269
38.657642622073936
38.673021435653027
38.688399570399305
38.703777026267481
38.71915380321353
38.73452990119425
38.749905320167642
38.765280060092621
38.780654120929114
38.796027502638225
38.811400205181862
38.826772228523062
38.842143572625872
38.857514237455298
38.872884222977405
38.88825352915913
38.903622155968556
38.918990103374654
38.934357371347396
38.949723959857735
38.965089868877612
38.980455098379871
38.995819648338433
39.01118351872811
39.026546709524609
39.041909220704795
39.057271052246257
39.072632204127636
39.087992676328518
39.103352468829407
39.118711581611734
39.134070014657894
39.149427767951153
39.164784841475743
39.180141235216801
39.195496949160407
39.210851983293487
39.226206337603905
39.241560012080491
39.25691300671285
39.272265321491588
39.287616956408179
39.302967911454921
39.318318186625085
39.333667781912759
39.349016697312955
39.364364932821545
39.379712488435267
39.395059364151656
39.410405559969242
39.425751075887327
39.441095911906061
39.456440068026545
39.471783544250584
39.4871263405809
39.502468457021131
39.517809893575588
39.533150650249517
39.548490727049085
39.56383012398107
39.579168841053239
39.594506878274117
39.609844235653057
39.625180913200232
39.640516910926593
39.655852228843969
39.671186866964938
39.686520825302836
39.701854103871895
39.717186702687087
39.732518621764179
39.747849861119676
39.763180420770986
39.778510300736201
39.793839501034185
39.809168021684627
39.824495862707977
39.839823024125401
39.855149505958913
39.870475308231214
39.885800430965766
39.901124874186863
39.916448637919451
39.931771722189268
39.947094127022837
39.962415852447393
39.977736898490846
39.993057265181882
40.008376952549952
40.023695960625233
40.039014289438619
40.054331939021715
40.069648909406837
40.084965200627011
40.100280812716022
40.11559574570834
40.130909999639144
40.146223574544294
40.161536470460383
40.176848687424723
40.19216022547527
40.207471084650706
40.222781264990395
40.238090766534363
40.253399589323323
40.268707733398806
40.28401519880282
40.299321985578075
40.314628093768142
40.329933523417047
40.345238274569645
40.360542347271313
40.375845741568142
40.391148457506986
40.406450495135154
40.421751854500798
40.43705253565264
40.452352538639985
40.467651863512906
40.482950510322055
40.498248479118686
40.513545769954831
40.528842382882942
40.544138317956275
40.559433575228624
40.574728154754503
40.590022056588943
40.605315280787629
40.620607827406886
40.635899696503643
40.651190888135453
40.666481402360468
40.681771239237428
40.697060398825691
40.712348881185257
40.727636686376684
40.742923814461129
40.758210265500288
40.773496039556612
40.788781136692968
40.804065556972894
40.819349300460502
40.834632367220472
40.849914757318153
40.865196470819228
40.880477507790268
40.895757868298205
40.911037552410626
40.926316560195588
40.941594891721891
40.956872547058694
40.972149526275878
40.987425829443808
41.002701456633361
41.017976407916088
41.033250683363939
41.048524283049545
41.063797207046029
41.079069455427025
41.094341028266776
41.10961192564001
41.12488214762201
41.140151694288591
41.155420565716085
41.170688761981367
41.185956283161829
41.201223129335467
41.216489300580662
41.231754796976368
41.247019618602089
41.262283765537859
41.277547237864184
41.292810035662065
41.308072159013015
41.323333607999132
41.338594382702915
41.353854483207421
41.369113909596244
41.384372661953343
41.399630740363314
41.414888144911174
41.430144875682437
41.445400932763135
41.460656316239778
41.475911026199277
41.49116506272923
41.506418425917452
41.521671115852463
41.53692313262313
41.552174476318818
41.567425147029404
41.582675144845197
41.597924469856935
41.61317312215597
41.628421101833943
41.643668408983089
41.658915043695956
41.674161006065759
41.689406296185936
41.704650914150591
41.719894860054133
41.735138133991519
41.750380736058013
41.765622666349479
41.780863924962155
41.796104511992738
41.811344427538344
41.826583671696547
41.841822244565329
41.85706014624315
41.87229737682884
41.887533936421733
41.902769825121567
41.918005043028465
41.933239590243026
41.948473466866226
41.963706672999493
41.978939208744684
41.994171074204061
42.009402269480255
42.024632794676378
42.03986264989593
42.055091835242834
42.070320350821355
42.085548196736255
42.100775373092667
42.11600187999607
42.131227717552434
42.146452885868079
42.161677385049714
42.176901215204445
general_gh
64 16
-1.3 1.5 0.80000000000000004 -0.72664610871890922 -1.1977327543645842 0.51728436643346143
-170.92398276300241
-82.88052910588469
-64.196341613472285
-37.929714244724309
-24.164048140510076
-10.011708512582615
-4.6047932615876448
-1.3731973251910858
0.078957066243546592
3.0035984265571329
6.3481211310304957
8.5626624994252722
14.552451300218607
29.437532346095935
40.743772073780555
73.661970282802315
9.1190631516187857
12.586197678197378
-7.4511140193192951
2.9539349121947254
-0.095354711042659801
-1.9270956407292728
-1.1530950782210634
-4.7764867446659007
1.6890232385017268
-0.48207007784446243
2.66904320402727
-3.1003907033303593
3.2479520481133175
2.1197350383159366
7.4463391659422786
12.496986214140957
-1.5519920159511384
5.5208911182779987
-8.2779979714388645
-11.789314669880399
0.05938268495618787
-0.80775194688343621
-0.5570810258498855
0.016425150270991118
0.018044156899609476
0.46810106738115098
-0.65651884536620209
0.22065391792234346
-1.9118638826674377
-1.1211286652707664
0.66972052409054461
0.074761021956142079
-1
-0.88888888888888884
-0.77777777777777779
-0.66666666666666663
-0.55555555555555558
-0.44444444444444442
-0.33333333333333331
-0.22222222222222221
-0.1111111111111111
0
0.1111111111111111
0.22222222222222221
0.33333333333333331
0.44444444444444442
0.55555555555555558
0.66666666666666663
0.77777777777777779
0.88888888888888884
1
1.1111111111111112
1.2222222222222223
1.3333333333333333
1.4444444444444444
1.5555555555555556
1.6666666666666667
1.7777777777777777
1.8888888888888888
2
2.1111111111111112
2.2222222222222223
2.3333333333333335
2.4444444444444446
2.5555555555555554
2.6666666666666665
2.7777777777777777
2.8888888888888888
3
3.1111111111111112
3.2222222222222223
3.3333333333333335
3.4444444444444446
3.5555555555555554
3.6666666666666665
3.7777777777777777
3.8888888888888888
4
4.1111111111111107
4.2222222222222223
4.333333333333333
4.4444444444444446
4.5555555555555554
4.666666666666667
4.7777777777777777
4.8888888888888893
5
5.1111111111111107
5.2222222222222223
5.333333333333333
5.4444444444444446
5.5555555555555554
5.666666666666667
5.7777777777777777
5.8888888888888893
6
0.22073371984326629
0.22036194621250427
0.21999070031379653
0.21961998530173465
0.21924980430018831
0.21888016040135472
0.21851105666481568
0.21814249611661374
0.2177744817483398
0.2174070165162425
0.21704010334035667
0.21667374510365423
0.21630794465122039
0.21594270478945798
0.2155780282853173
0.21521391786555993
0.21485037621605224
0.21448740598109589
0.21412500976278948
0.21376319012043227
0.21340194956996134
0.2130412905834303
0.21268121558852671
0.21232172696813062
0.21196282705991343
0.21160451815597769
0.21124680250253952
0.21088968229964983
0.21053315970095915
0.21017723681351957
0.20982191569763015
0.20946719836671734
0.20911308678725848
0.20875958287873608
0.20840668851363647
0.20805440551747412
0.20770273566885733
0.20735168069958226
0.20700124229475825
0.20665142209296478
0.2063022216864332
0.20595364262125909
0.20560568639763627
0.20525835447011748
0.20491164824789571
0.20456556909510709
0.20422011833115417
0.20387529723104691
0.20353110702575938
0.20318754890260565
0.20284462400562642
0.20250233343599261
0.2021606782524184
0.20181965947158742
0.20147927806858734
0.20113953497735626
0.20080043109113471
0.2004619672629267
0.20012414430596753
0.19978696299419574
0.199450424062732
0.19911452820836117
0.19877927609001794
0.19844466832927726
101.21982442571672
101.3921862453989
101.56469721849048
101.73735592005136
101.9101609225783
102.08311079650383
102.25620411069499
102.42943943295494
102.60281533052432
102.77633037057964
102.94998312073402
103.12377214953221
103.29769602693936
103.47175332483137
103.64594261747095
103.82026248197974
103.99471149880654
104.16928825217481
104.34399133053294
104.51881932698437
104.6937708397065
104.86884447235974
105.04403883448569
105.21935254187932
105.39478421696167
105.57033248912499
105.74599599507251
105.92177337913142
106.09766329356168
106.27366439884088
106.44977536393368
106.62599486655139
106.80232159338513
106.97875424033531
107.15529151271545
107.33193212544644
107.50867480323184
107.68551828072931
107.86246130268815
108.0395026240937
108.21664101028516
108.39387523706699
108.57120409080731
108.74862636851796
108.92614087793643
109.10374643758493
109.28144187682233
109.45922603589047
109.63709776594699
109.81505592909066
109.99309939837936
110.17122705783625
110.34943780245402
110.52773053818792
110.70610418194509
110.88455766156422
111.06308991579075
111.24169989424971
111.42038655741017
111.59914887654168
111.77798583367391
111.95689642154805
112.13587964355963
112.31493451370977
student_t
64 40
-2.5 5 0 0 0 0
-1.1524520609841067e-13
-2.5030367142075915e-15
-1.9050239600340449e-15
-1.7148803391709734e-15
-1.5732617869223135e-15
-1.3604670126190755e-15
-1.267424631460375e-15
-1.0030460612465698e-15
-9.4702969397953938e-16
-8.7967267126057632e-16
-8.7686241663850884e-16
-7.9265232476057524e-16
-7.5844426214158773e-16
-6.1556348027935246e-16
-5.9176493992241333e-16
-3.7561220958385423e-16
-1.5844678605170002e-16
-1.0638174610939697e-16
2.5597530236714565e-17
1.3816386256881552e-16
2.0025003601357892e-16
2.5739249562861305e-16
2.7424893764637942e-16
5.1916841231005354e-16
5.4351891540855462e-16
6.7159713722392159e-16
7.3747598543867415e-16
8.8907841569217667e-16
1.3322676295501878e-15
1.6688991077173922e-15
2.0908170853641655e-15
2.4727791856196243e-15
2.7215028622937957e-15
3.4080033848613659e-15
4.3618696904617961e-15
2.140581604827781e-14
27.513519962606537
39.223239744202992
44.469565814931499
49.986964629781781
0.6225889379380587
-0.35141037139943387
-0.6587792219481543
1.349965787975369
1.8773155020387242
1.0813766347324243
-1.3795135296899295
0.95914586876295393
-0.45889956834685386
-0.33274583444828409
-0.26922776280843452
-0.35178407889124685
-1.1777188460322736
0.1156217333462739
0.0095639247352248269
-0.096905419850178476
0.2236847203846625
0.71042846669568904
-0.21046525267605951
-0.43432826086822751
-1.6494770904150993
-0.64308828060592771
-1.0200672631018359
-0.15766374824708904
-0.85024634186424231
1.2655734213116263
0.42152735311079803
-0.30206361845859075
0.93703678085592312
-0.92064429157870065
-0.95687673322227373
0.10923779938639211
-0.37892885697549517
-0.26920344470680529
-0.41214937672664742
0.31428127011136686
-1.4617705052275949
-0.12687531480186404
-0.4072684620681028
-0.39046738391960034
0
0
0
0
0
0
0
0
0
0
0
0
0
0
0
0
0
0
0
0
0
0
0
0
0
0
0
0
0
0
0
0
0
0
0
0
0
0
0
0
-1
-0.79365079365079361
-0.58730158730158732
-0.38095238095238093
-0.17460317460317459
0.031746031746031744
0.23809523809523808
0.44444444444444442
0.65079365079365081
0.8571428571428571
1.0634920634920635
1.2698412698412698
1.4761904761904763
1.6825396825396826
1.8888888888888888
2.0952380952380953
2.3015873015873014
2.5079365079365079
2.7142857142857144
2.9206349206349205
3.126984126984127
3.3333333333333335
3.5396825396825395
3.746031746031746
3.9523809523809526
4.1587301587301591
4.3650793650793647
4.5714285714285712
4.7777777777777777
4.9841269841269842
5.1904761904761907
5.3968253968253972
5.6031746031746028
5.8095238095238093
6.0158730158730158
6.2222222222222223
6.4285714285714288
6.6349206349206353
6.8412698412698409
7.0476190476190474
7.253968253968254
7.4603174603174605
7.666666666666667
7.8730158730158726
8.0793650793650791
8.2857142857142865
8.4920634920634921
8.6984126984126977
8.9047619047619051
9.1111111111111107
9.3174603174603181
9.5238095238095237
9.7301587301587293
9.9365079365079367
10.142857142857142
10.34920634920635
10.555555555555555
10.761904761904763
10.968253968253968
11.174603174603174
11.380952380952381
11.587301587301587
11.793650793650794
12
0.9994105912337361
0.99936087598079038
0.99930758714165524
0.99925054873873143
0.9991895845928831
0.99912451909912059
0.99905517801052479
0.99898138921992363
0.99890298352877305
0.99881979539293342
0.99873166363552501
0.99863843211777281
0.99853995035973186
0.99843607410390356
0.99832666581604979
0.99821159511887125
0.99809073915565127
0.99796398288236432
0.99783121928813212
0.99769234954518782
0.99754728309067664
0.9973959376436432
0.9972382391614133
0.9970741217402691
0.99690352746582922
0.99672640621888364
0.99654271544261253
0.99635241987716316
0.9961554912674333
0.99595190804972944
0.99574165502263978
0.99552472300710471
0.99530110850023901
0.99507081332699299
0.99483384429327937
0.9945902128436972
0.99433993472653859
0.99408302966828344
0.99381952105939708
0.99354943565282161
0.99327280327622913
0.99298965655874993
0.99270003067263768
0.99240396309007206
0.99210149335509612
0.99179266287050993
0.99147751469940038
0.99115609338087129
0.99082844475944531
0.99049461582754872
0.99015465458043772
0.98980860988289554
0.9894565313470205
0.98909846922040412
0.98873447428402672
0.98836459775919761
0.98798889122288447
0.98760740653081314
0.98722019574773645
0.98682731108430632
0.98642880484001028
0.98602472935167773
0.98561513694707092
0.98520007990313729
268.81592350779658
268.82934086074204
268.84371314751104
268.85908663306122
268.87550757087831
268.89302199759106
268.91167552616247
268.93151314045025
268.95257899392135
268.97491621523665
268.99856672326678
269.02357105389808
269.04996820071494
269.07779547133356
269.10708836081454
269.13788044321353
269.17020328194343
269.20408635925355
269.23955702476354
269.27664046265556
269.31535967682402
269.35573549301876
269.39778657679926
269.44152946594107
269.48697861581473
269.53414645616891
269.58304345772336
269.63367820696425
269.68605748758119
269.74018636704307
269.79606828689896
269.85370515549386
269.91309744190886
269.97424427006126
270.03714351202399
270.10179187976371
270.16818501460875
270.23631757389052
270.30618331430622
270.37777517166205
270.45108533673778
270.52610532711265
270.60282605485384
270.68123789003579
270.76133072011498
270.84309400522631
270.92651682950338
271.01158794855729
271.09829583326524
271.18662871004238
271.27657459777737
271.36812134161784
271.46125664379946
271.55596809170936
271.65224318337147
271.75006935053523
271.84943397955124
271.95032443019721
272.052728052622
272.15663220255715
272.26202425494398
272.36889161610833
272.47722173461295
272.58700211090155
twosls_1
1 50
-2.5 5 0 0 0 -0.050000000000000003
-30.026076238019968
-2.9724759788988469e-15
-1.9708510183165683e-15
-1.4105356599531786e-15
-1.3589047602092481e-15
-9.2916477572390237e-16
-8.3752862336746239e-16
-8.1672640064139452e-16
-7.6795024459307768e-16
-7.0011292049765696e-16
-6.4416647580072332e-16
-4.7805490394582097e-16
-3.6082248300317588e-16
-2.5222932168488865e-16
-2.1704966474010791e-16
-1.9592575114117781e-16
-9.2000958835120141e-17
-1.7570679188258686e-17
8.5376120920010759e-18
1.3055830539112161e-17
5.4680212527882332e-17
5.5685255664117458e-17
8.6295864159587919e-17
9.5381780674297554e-17
1.3480572627299684e-16
1.3789217586847315e-16
1.5797063300583474e-16
2.460033615683982e-16
2.4909335634949622e-16
2.8919915138857397e-16
3.0956918735844341e-16
3.6820586098009068e-16
3.762708747160891e-16
3.9338969981959503e-16
4.1570725697239174e-16
4.3383017282566452e-16
4.7767310067019252e-16
4.786882933219978e-16
5.6268561697109754e-16
6.0301683186462447e-16
6.2117988565834918e-16
6.4201829012405867e-16
6.6331787589332215e-16
8.0329112853568373e-16
8.1088306529651429e-16
8.4065527565976392e-16
9.4663754167267047e-16
2.1080676872831713e-15
4.6185277824406512e-14
28.817654177872093
-0.19026223287264959
-6.010318879291634
-3.6542761527933934
15.823754350643219
6.5616286149558629
-6.843540518257166
2.8435288857095058
-2.1258946040274211
-2.4648512397205256
-17.568035800827023
8.5855670895229945
-10.837375581122233
-0.57374536107359941
1.6196983580596662
3.1877987805290764
-9.0011613773898773
1.4788187122294034
2.8916265822320342
-4.8961410865976775
-1.6470088965479563
-0.55605719918760654
13.182103226420244
4.8560204505053273
-8.3659120442080628
5.1143892768664001
-0.32440112422208778
-9.5433199465837628
-14.250224157437785
0.89143199763815206
-4.9433526687635405
5.6463854406901985
3.5096541136040398
4.7682207764519191
1.9367567456983459
0.11419545574630587
-9.7550306013936332
8.9655285128382314
-0.4954813710858576
1.7591207068519539
-2.3110654224603753
-18.30625250527488
-1.3702240551176748
2.1393275135892926
1.3916288288198049
2.7265678892482303
-1.393055418144685
9.4864579872030372
-7.3928584280907943
-1.5334327102786094
-8.5847597092026575
0
0
0
0
0
0
0
0
0
0
0
0
0
0
0
0
0
0
0
0
0
0
0
0
0
0
0
0
0
0
0
0
0
0
0
0
0
0
0
0
0
0
0
0
0
0
0
0
0
0
0
0.49353196045488712
83.219375840953617
twosls_2
1 50
-2.5 5 0 0 0 -0.10000000000000001
-31.742933153139354
-2.0024378795975254e-15
-1.8741417322363905e-15
-1.4069175553332202e-15
-1.2203981441719941e-15
-1.0269562977782698e-15
-8.5107242535168553e-16
-5.4197733661427829e-16
-3.8978624271357197e-16
-2.7147752778006853e-16
-2.4734202976254894e-16
-2.0911892966345106e-16
-1.2210239569655009e-16
-1.1739556794621787e-16
-9.6274830390606008e-17
-6.2238069945685082e-17
-5.3500085200083017e-17
-4.2681599608256068e-17
-9.5618919138242392e-18
-8.031204116495862e-19
4.5087533007816226e-17
9.606204806182992e-17
1.0963221485064969e-16
1.47205545277876e-16
1.4732138233825215e-16
1.902995122086323e-16
1.9062702625218918e-16
1.919382541481616e-16
2.2248943055059759e-16
2.6628754236805723e-16
3.002851356735382e-16
3.7831941964491335e-16
3.8281843352473324e-16
4.8324052118040644e-16
5.4695496580469121e-16
5.5322399887354234e-16
5.6705968487968406e-16
6.6575300776081691e-16
7.0581103466607709e-16
7.1826965156113966e-16
7.3994154317114113e-16
7.5526688528553384e-16
9.1143876616166562e-16
9.1821082686782702e-16
1.0317789726176659e-15
1.1408384590278971e-15
1.1822182585495154e-15
1.3812381997930099e-15
4.6185277824406512e-14
27.25901469694859
-0.048144420778908646
5.206870014772937
2.4222372522076303
-9.8477223043545763
2.9004521351836887
0.88298230396547139
0.18002667692735272
-6.5194420907940449
-14.494378046114278
-9.4888654198279774
-6.2232643922928856
-8.3355758604888504
-10.623129024385772
12.045930391662532
0.92671489196656576
13.814430738106877
-10.410914016539886
-0.69992662729874444
-0.60965216118207866
3.6628982927199618
11.775871171632737
1.2003122033480436
4.9662427462846974
-4.0975107188200104
-4.7950200680121222
-5.4554803177257281
0.97803663744834402
-3.898485742248806
-7.0871745547732363
-3.4377170056872353
-7.717946491105665
-7.273339058268725
13.663798177834538
-3.0269884552283974
1.2571366834575906
3.1517978273155043
6.7427595962820162
3.4136022139218758
-8.9634105891884808
-7.1346311701574585
2.8258501589142511
3.1491222350312555
-3.5779405963296829
14.927848741415017
4.2765198701392713
3.7755242250759107
-2.5423223626845353
11.389614647902752
-1.5334327102786092
-8.5867328534638183
0
0
0
0
0
0
0
0
0
0
0
0
0
0
0
0
0
0
0
0
0
0
0
0
0
0
0
0
0
0
0
0
0
0
0
0
0
0
0
0
0
0
0
0
0
0
0
0
0
0
0
0.47960729784191347
80.232265850261555
twosls_3
1 50
-2.5 5 0 0 0 -0.15000000000000002
-33.550117114187302
-2.2178441580920774e-15
-1.6686235449374302e-15
-1.5532983536245363e-15
-1.1379786002407855e-15
-1.125854620593526e-15
-9.1322566660513852e-16
-8.3045467084043166e-16
-7.6998727971699024e-16
-7.3113146240369965e-16
-5.8851202159978527e-16
-5.5148520003110606e-16
-5.4485789708262565e-16
-4.9917773827226482e-16
-4.6115640168350198e-16
-4.3777894567757992e-16
-3.1295750324351656e-16
-3.0314153124708274e-16
-2.9017683372805053e-16
-2.7471641758802126e-16
-2.6269395198176011e-16
-2.5186140389204595e-16
-2.2108542877176412e-16
-1.9518455709812486e-16
-1.0458679324050035e-16
-1.0283833478057599e-16
-7.6536016471605533e-17
-4.2429525220334896e-17
-1.9303082604878934e-17
9.2357304733277429e-18
5.2000158849166117e-17
5.9975059675141106e-17
6.7257315636479181e-17
2.3046780587893874e-16
2.3953438953257587e-16
2.8606919098775037e-16
4.0351536106521071e-16
4.0383776392367555e-16
5.8238167617046123e-16
7.7592935217362821e-16
8.5236382400782086e-16
1.0059516044255004e-15
1.0763437983923109e-15
1.1910439826514317e-15
1.3977122847108335e-15
1.4420917471964984e-15
1.6709786738727355e-15
2.495205310230419e-15
4.6185277824406512e-14
25.79070226195369
0.28451580712528729
-0.18234557332442253
1.2676529938773533
-5.433779594659172
1.3359470148774817
-5.260806505761539
-10.279649690434368
-6.1423198815336679
1.7496885406247826
-0.33911181391478185
-4.7237087161568985
-1.394261440538721
-4.9384726947662045
0.009277343391687589
6.7284478279928113
-8.6372972305837532
3.97931071013566
-2.559830882965656
-1.4464814398396557
20.32374213766758
-4.3326667742750864
-2.7342054377297722
-2.249138372521633
-13.072725437113954
3.9592122495286683
-10.382198488297774
-12.268522806595966
13.398117386350634
0.88299646389415865
-10.904360682269676
15.049924816664634
4.1824998708951417
1.7983775904083898
6.2079563303192131
-1.2526097608129165
-8.9204945559666982
0.47287895162419735
0.91155054158094784
-7.4914566267040881
13.205520530034978
-1.4263450626856715
-3.5364379794934422
6.5733304424885208
7.9778762909029517
7.4176078388234856
-0.32103214183808026
-6.2297659837239365
1.7032979139811453
-1.5334327102786094
-8.5821529779830215
0
0
0
0
0
0
0
0
0
0
0
0
0
0
0
0
0
0
0
0
0
0
0
0
0
0
0
0
0
0
0
0
0
0
0
0
0
0
0
0
0
0
0
0
0
0
0
0
0
0
0
0.46580269567803817
77.429711415846228
twosls_4
1 50
-2.5 5 0 0 0 -0.20000000000000001
-35.446094048062633
-3.1558888658246112e-15
-1.6926334024283675e-15
-1.4512835452963844e-15
-1.2602426169199684e-15
-1.2496807549648323e-15
-1.1947152431745724e-15
-1.1094815784426511e-15
-1.0090251097009993e-15
-9.9920072216264089e-16
-6.1589540353226862e-16
-5.3834786858473744e-16
-5.3281216662600422e-16
-5.192685680398338e-16
-4.6213104714814485e-16
-4.501346819432149e-16
-3.4109014056824901e-16
-3.1996795196421171e-16
-2.9146366867529235e-16
-2.4915035880097244e-16
-2.4513361940989732e-16
-6.1937922791487044e-17
3.2518530445177063e-17
3.9084657642815537e-17
4.0147094137189427e-17
5.7712937859803434e-17
8.817502416162929e-17
1.8026059212149703e-16
2.6117767410057645e-16
3.2506918287844712e-16
3.7759283846939771e-16
4.4534906911063023e-16
5.0566395334684563e-16
5.7886156481117107e-16
6.4315976532345775e-16
6.4980804530800301e-16
7.9861841863666972e-16
1.0361462075164578e-15
1.1538429891303957e-15
1.2214163681044226e-15
1.563458200788112e-15
1.5901299160297022e-15
1.6761693468434016e-15
1.8137033370664819e-15
1.8820866463281755e-15
2.1811821389931406e-15
4.0560776562633511e-15
7.0426338147434884e-15
1.4774183838859421e-14
24.411182799786371
-0.51729599646834123
-1.8094178507424887
6.0601566326853895
-11.777028539083826
4.1879780666558206
3.6955788513440839
5.036420962513211
1.5275728138925591
8.1562202204374081
-11.07603943812763
-0.14330373694673948
8.1728647346021521
0.97814949244198834
-2.9656066243504071
-1.7370278294616588
-8.9028245277966107
-4.1849291559461284
9.6151214605793367
12.224759859801832
-4.6154292720633361
-11.119396639075756
3.1821573066219973
-11.663466302723961
3.8637246527927509
-4.3799284227688586
7.0665720442228714
-3.4212953446357646
-4.5986868228431872
-0.80259062962760042
4.6467943373881733
-13.265590592653831
-2.7378227525843206
-16.644829191103721
3.6889159542448811
-13.2328565448058
1.3278515563148834
7.1410587402851382
8.1694945956307521
2.2557629518588249
-5.216503696891583
1.246683371344999
-5.8666188308550238
-6.8238539734774193
-3.4079868442066839
9.5292487748597772
7.144490811867116
8.4857249585910708
-4.7021731144319014
-1.1142037714230562
-8.5712720079370204
0
0
0
0
0
0
0
0
0
0
0
0
0
0
0
0
0
0
0
0
0
0
0
0
0
0
0
0
0
0
0
0
0
0
0
0
0
0
0
0
0
0
0
0
0
0
0
0
0
0
0
0.45219331211849406
74.809707793340863
twosls_5
1 50
-2.5 5 0 0 0 -0.25
-37.428591856575558
-2.4983468635387955e-15
-2.1184434532645517e-15
-1.8383122732479648e-15
-1.3710480160736825e-15
-1.1561987502306311e-15
-8.6121526851211326e-16
-7.3153867374574754e-16
-6.4370000261763502e-16
-5.090820638964897e-16
-4.9703340487633165e-16
-4.4540523835702031e-16
-3.7620740042975577e-16
-3.6738765354994179e-16
-3.1365739258805249e-16
-2.5667616223176107e-16
-2.1852946467596754e-16
-1.9020872434323032e-16
-1.7919008007827728e-16
-1.4219392880993423e-16
-1.1744616485328653e-16
-1.1102230246251565e-16
-1.0769172485866661e-16
-9.681815052936097e-17
-3.0511447775787775e-17
-1.676294874146482e-17
2.6214594145921915e-18
2.2724952508960235e-16
2.4423581345312237e-16
2.4638760603764952e-16
2.5023571086903544e-16
2.5894743309012433e-16
3.6079671137719457e-16
3.9706348080907004e-16
4.1218611783423051e-16
5.2028830000574284e-16
5.3765825940720067e-16
9.9221090142815382e-16
1.0335682725722769e-15
1.3079604759137255e-15
1.3213211043829206e-15
1.4056941463857472e-15
1.543036935917386e-15
1.5484957178794563e-15
1.7762629535878298e-15
2.4274633442270966e-15
3.2158425882171485e-15
3.4760627200869359e-15
1.0021904478623673e-14
23.118184212256462
0.74506673628966136
6.4256523728133166
9.101909555842262
-11.866526242571902
-7.4401039959006345
-6.1203913239959853
0.0070484970552471158
2.0491629740325896
-5.5934359876365409
4.8432801429060897
-3.6049840814518737
7.1613589882369499
-15.720469369691635
11.210629165302716
-7.8878210902080035
2.7955882710575417
14.815740940556374
-13.233716131311775
-6.8056886623028392
-4.2574744396106601
-7.0805319394851258
2.9895923901053507
1.729092924077192
4.9023871723116095
-3.0875527697399932
4.3471649321890418
-3.8211115783832792
-9.498482425231165
-3.7102681415008112
5.3730004112816472
-7.8698245852948316
11.112071232288258
-2.8735499938864999
5.9796361136632799
-6.7391803617902184
2.0613209050978147
0.374741849797468
5.3202216180624813
14.048396335624117
-0.34654846832214409
4.8167544486025413
-10.733929520859418
4.2962773650139612
-6.7713968793176784
1.6771488447017231
4.6946182290696266
-2.3044880929400087
4.5539683346334723
-2.0381960828858556
-8.5544827161250172
0
0
0
0
0
0
0
0
0
0
0
0
0
0
0
0
0
0
0
0
0
0
0
0
0
0
0
0
0
0
0
0
0
0
0
0
0
0
0
0
0
0
0
0
0
0
0
0
0
0
0
0.4388475516389328
72.368415787676824
twosls_6
1 50
-2.5 5 0 0 0 -0.30000000000000004
-39.494696051667177
-2.3898939749459038e-15
-2.1886674222650541e-15
-1.9833959830535679e-15
-1.835955321980879e-15
-1.7507548296350607e-15
-1.7487599162480293e-15
-1.4946498255014992e-15
-1.3228158801982567e-15
-1.2167857859230169e-15
-1.2061764796668116e-15
-1.0346992915773664e-15
-8.7244209094761744e-16
-8.5696453251818462e-16
-7.0815636644917172e-16
-6.395898537998097e-16
-5.7206717290001792e-16
-5.4121227535105253e-16
-3.9430433012812489e-16
-2.1594322775641616e-16
-1.5667737190892385e-16
-9.3576115092295844e-17
-6.4907345260828169e-17
-2.8715329279111151e-17
-9.0131514294855253e-18
6.9388939039072284e-17
7.8735749479930086e-17
1.649776707575731e-16
1.7079696211652075e-16
2.1819955013156588e-16
2.5208121248668898e-16
3.2944389125304241e-16
4.898375102489179e-16
5.0095922457647251e-16
6.2000421729997904e-16
6.3731793224879114e-16
6.7610823155549603e-16
7.4695621387955976e-16
9.1732806495891456e-16
1.0543522822888843e-15
1.3255436419833848e-15
1.5242327744188203e-15
1.645786433555766e-15
1.7455268531419203e-15
1.7954134316845086e-15
1.9766342192816889e-15
2.5885216750301694e-15
4.0032816977475532e-15
3.1974423109204508e-14
21.908792011304939
-0.96659071323085266
-9.6284100437366753
-0.95956189979052564
2.3297028867044784
-0.55767295244823689
-3.0848237008851687
-4.0616966131419803
-3.9756628454872822
-1.4428698731465366
-2.5336248710903368
-5.1745301026252006
-5.5642300863637981
-12.576655709421688
-13.336746763308559
4.9676040569501616
6.9641165772564504
-13.64770138782527
-7.8352077939706861
2.0336908087334087
-21.2364382085233
0.13349115264065942
-4.3628298986355274
-0.75582804903635881
-2.3987871833316938
1.7172613248145532
-1.235363215930656
10.935251777447434
5.1511650692349207
-1.9566629416782633
-0.97407954693236043
-1.9343023371064585
-7.6548480863345656
-6.1997244241258445
12.444602173772283
-2.0792573188657397
4.5054302924035357
5.252413740718854
-2.470284478419166
-0.51728807046038106
5.7313099996214287
12.145641968597788
-5.7255646444783084
-2.0240873110548971
13.143627736404722
-8.0610101081040888
11.147550618921285
1.7551642427033742
-2.9385592280924824
-1.5334327102786094
-8.532291683662887
0
0
0
0
0
0
0
0
0
0
0
0
0
0
0
0
0
0
0
0
0
0
0
0
0
0
0
0
0
0
0
0
0
0
0
0
0
0
0
0
0
0
0
0
0
0
0
0
0
0
0
0.42582519999451773
70.100356785196894
twosls_7
1 50
-2.5 5 0 0 0 -0.35000000000000003
-41.640964369402731
-3.6023161954242656e-15
-2.6385416992937074e-15
-2.0333676114701222e-15
-1.9636794875633342e-15
-1.6925567501751413e-15
-1.5904954884122781e-15
-1.1624503757555042e-15
-8.0734381206520326e-16
-7.0082828429463007e-16
-5.7592182145178664e-16
-5.4854493363212341e-16
-5.3208829812982472e-16
-5.0298241786025345e-16
-4.0372251837292401e-16
-3.394125347774801e-16
-2.3977687589697123e-16
-2.0292617648330559e-16
-1.9700246901624361e-16
-1.9089291678321798e-16
-1.8260461293585468e-16
-1.2261215727081297e-16
-1.8121008817515008e-17
-1.8747526213196099e-18
4.7167141205968503e-18
5.2271016821502755e-17
6.3390835464387836e-17
6.4454040354623451e-17
6.778075009997163e-17
1.9559360834336536e-16
2.3091886521543162e-16
3.0627602949823649e-16
4.0110059684945012e-16
4.045121307003553e-16
5.2192845460594511e-16
5.8947331394013519e-16
7.512900000471461e-16
7.7690532377296679e-16
8.4648245459274736e-16
8.5233607387702976e-16
1.013254446836073e-15
1.2888630882230893e-15
1.3434994744768495e-15
1.4986668545661889e-15
1.521821646526648e-15
1.5697812314323927e-15
1.5930265332428973e-15
3.2959205324637116e-15
2.8421709430404007e-14
20.779563932997664
1.1808398910129392
0.99060305564479256
-1.2339616525397796
2.3708783490242675
8.1457113775343792
-3.9706008442976048
-3.0637018997633727
-0.65328585300981701
-11.012796877296745
-10.070890772990049
-0.75971912979462619
-3.2275907511306383
-0.65072104868288749
-14.29809055857784
18.457827452111296
-1.2859209069922553
-8.1800364966892118
-3.291450290416337
5.4709248683205196
-0.35238410564394002
1.5289547004212429
-4.6037375785767809
-3.262597573333105
5.80995354456154
12.564366321100245
-7.5007738503821093
2.7119861595311345
4.5133695754940035
-1.3173540351613688
-0.62207077583388337
-7.6430660998037716
3.9079015724206441
15.100561658648489
-11.309300689913522
-1.6386565836160261
-3.0686804737868671
-1.6673019961765796
7.7932041514822661
-0.043267376218739537
-6.8989542220350666
-13.537872004126093
-8.892170436592691
1.3729477764511548
-7.4182571104620321
-4.5565579008392554
-8.5214418143801218
-1.804966065999666
-11.659811407386051
-1.5334327102786096
-8.5052875397484158
0
0
0
0
0
0
0
0
0
0
0
0
0
0
0
0
0
0
0
0
0
0
0
0
0
0
0
0
0
0
0
0
0
0
0
0
0
0
0
0
0
0
0
0
0
0
0
0
0
0
0
0.41317622032418672
67.998667806780901
twosls_8
1 50
-2.5 5 0 0 0 -0.40000000000000002
-43.863550688755538
-3.7400638142059961e-15
-2.8315429711343659e-15
-1.8201969211610739e-15
-1.7934522255936509e-15
-1.4665769588778402e-15
-1.3679655465898443e-15
-1.3505732790440108e-15
-1.3291241397222068e-15
-1.2480281653197597e-15
-1.0127721951464568e-15
-7.9395306000149218e-16
-3.9708454672029156e-16
-3.5380324151659915e-16
-2.162549181370264e-16
-2.0181076007538723e-16
-1.8091693422620012e-16
-1.1189039577735621e-16
-6.3146845759886292e-17
-6.0966135973842058e-17
-6.0811995757108706e-17
-5.0866936055535857e-17
-2.2232402977089848e-17
1.3697165061068901e-17
1.5595111552142788e-17
1.6437468548157482e-16
1.7816131902251755e-16
2.4901510284497336e-16
3.8888786507273385e-16
4.1955468718219119e-16
4.3433795548605117e-16
4.5739462787513756e-16
4.8264432194598673e-16
5.2906656081196325e-16
6.841849128267884e-16
7.0807351712368164e-16
7.1080369230112408e-16
7.4111101789645284e-16
7.8023933734369584e-16
1.0207277199887336e-15
1.2846210876342237e-15
1.5244746744589215e-15
1.639949893385226e-15
1.819425147030689e-15
2.0383293636654886e-15
3.3882733535811732e-15
4.1443604260883252e-15
5.0174324105744118e-15
3.1974423109204508e-14
19.726653856307575
1.3870084255811976
9.5923006586184556
1.8308291063559206
-0.98473107821186578
-5.3333017296212617
-2.5331074528396074
-4.5687028340216562
-3.4500276831432193
-7.9700326328411712
-0.39629326455759983
-4.5811849971905616
-0.45353264058369674
-1.0425481412021032
-3.45381525434833
4.2381877558584877
6.3800853928689145
-1.4930603944349004
0.46890990155167339
-2.7014513799493916
12.221307705537685
16.32251806444204
7.5394150614899891
-2.171510825140194
-21.780919510957908
4.2699979560034178
5.5795918818733767
-2.8448952908288367
-4.717611290077298
-5.1694457787401555
9.3200344682591147
-7.0915191284448333
5.2275997182301381
-0.38722469026747608
-5.2452005647399806
8.4242542095226991
-13.111999559508071
-2.8641832715132778
-10.401609694724508
-1.2242182190326329
-3.3554646735717406
4.3353894962934536
2.065934636078556
-3.7556083242768841
0.21091638521949735
11.657487571357565
-5.0003542885966032
-3.4694436294239162
-15.573689131786512
-1.5334327102786094
-8.4741080126095731
0
0
0
0
0
0
0
0
0
0
0
0
0
0
0
0
0
0
0
0
0
0
0
0
0
0
0
0
0
0
0
0
0
0
0
0
0
0
0
0
0
0
0
0
0
0
0
0
0
0
0
0.40094022118360906
66.055392150924305
twosls_9
1 50
-2.5 5 0 0 0 -0.45000000000000001
-46.15832916318611
-1.423536230701629e-14
-1.0010287729264676e-14
-3.2058823519094231e-15
-2.423382466539544e-15
-1.6665865537799893e-15
-1.5620047754586377e-15
-1.3972489004371384e-15
-1.1342765860796512e-15
-9.6765820072817892e-16
-9.3758723519615541e-16
-6.8002972549923465e-16
-6.3119100751515937e-16
-5.5632520033506658e-16
-5.4918712295528228e-16
-5.3502640048809289e-16
-4.9265569725180354e-16
-4.4985280578657133e-16
-3.7300497401238001e-16
-3.2909405976658814e-16
-2.5910242042966765e-16
-1.9669847526969204e-16
-1.9664220162194057e-16
-1.5612511283791264e-16
-8.8334439380023306e-17
2.5549863844595877e-17
5.4929143324406626e-17
6.3679402922699274e-17
6.7693980058555254e-17
1.8272780711873121e-16
3.1982698953907716e-16
4.1073907443641338e-16
4.6264150832186594e-16
5.2699407651664491e-16
6.3322140923443258e-16
7.2489030871622874e-16
8.3827638846194029e-16
9.1974235297446414e-16
9.2385075083190399e-16
1.0157973375021174e-15
1.0336047638703177e-15
1.3121615668744405e-15
1.368990512346623e-15
1.4935344960611836e-15
2.4203182484225249e-15
2.9462515664781216e-15
3.005258961386567e-15
4.2926096453215068e-15
7.666156433905202e-15
18.74593593469557
1.5845114959313469
5.7184910238934465
-0.79324239601594504
-4.8499559072577814
-0.15736890387505945
5.7611758481114128
0.74040169228889996
1.8485322502411508
-4.4070433316055579
-3.2630938958002829
0.43848695644072899
-11.902655092813983
-6.0676684211289631
-1.5238075303942575
16.913220762954808
-4.2701482094142911
3.4005443690203463
-0.21355180892186182
-5.5054496104104054
-1.7008149138701607
18.07846169827771
0.62768856187258371
12.095969359626162
6.1489412156538528
13.801202547719132
2.6092637289818441
-0.86039283846883641
8.1167649127182191
-3.0917488261271493
-13.204581358496606
11.011569889104001
0.76939929909779581
8.2396373609357489
13.84253992675607
5.4502966798080745
7.9954772694931888
9.0799676846579693
-5.6767115884333199
1.1869885025256335
-2.8073513614560053
2.9448698110643714
10.710437601020102
3.3630669151551862
-4.1531999359639657
-2.4186781084933786
2.3489396035261847
-4.7594280303351724
-2.7559029849415095
-1.3428932146970169
-8.4394088834034093
0
0
0
0
0
0
0
0
0
0
0
0
0
0
0
0
0
0
0
0
0
0
0
0
0
0
0
0
0
0
0
0
0
0
0
0
0
0
0
0
0
0
0
0
0
0
0
0
0
0
0
0.38914653281736467
64.261781215183888
twosls_10
1 50
-2.5 5 0 0 0 -0.5
-48.521011044041344
-4.9410621203972083e-15
-2.314998870769416e-15
-1.8526587288149008e-15
-1.5845388171593136e-15
-1.372552566309072e-15
-1.3631782352360916e-15
-1.2771753092256875e-15
-1.1307970935685355e-15
-1.0652128197325473e-15
-9.3110824590063242e-16
-9.0171817240835618e-16
-6.3754726901912835e-16
-6.2743738483539576e-16
-5.8989799179747178e-16
-5.8120276751704546e-16
-4.7587101863706992e-16
-4.4776105413342585e-16
-4.3970568236323734e-16
-4.2400369492827638e-16
-4.1349261924140962e-16
-3.016094339893428e-16
-2.6849157897705888e-16
-2.0121553789128986e-16
2.8769227054339208e-18
4.0110445158320458e-18
8.4655065540417809e-17
1.6164616487236198e-16
2.3520744726858967e-16
2.7122354862379926e-16
2.9758085211426776e-16
3.9543527086787409e-16
4.2257214059115569e-16
4.2664879405934807e-16
4.3538194829714259e-16
4.5589519520939894e-16
4.9148652602480216e-16
5.7308640585817433e-16
6.3942999788328939e-16
6.4142107688995718e-16
6.5522939637044753e-16
7.8754521459570033e-16
8.630965289527477e-16
1.3261050733773753e-15
1.3660947373317356e-15
2.057274479497096e-15
3.4504186133841336e-15
5.7945586657562023e-15
9.0371646068872458e-15
17.833121419507979
1.7729726705173485
4.3590559136554656
10.194696335343497
5.9903181076275684
-5.7546299159321554
5.213237620218929
-3.3463028898868323
-1.3625199079922101
-10.523409687775715
3.7428206540939222
3.3280475541813792
4.2652204142128429
-5.7244995400048113
19.176101293006596
-18.758466329506518
10.649998278229273
0.082798424589187986
6.9590247228935755
-6.5981221581796135
-2.3496402066691018
1.4445471607351785
9.3966141028470922
2.7167760991191381
0.74961902997330876
-5.3437311889208718
-0.38187665226430351
6.255568826901003
0.095132563755761596
5.0097421422374113
-6.8439166850206279
-3.092808358525776
-8.3188604497201428
2.5296607221974723
-9.2404133286776862
-5.0095531143197345
1.3059970766603979
-10.923330488080884
5.737522693362866
13.161361742987843
0.47194321144361961
0.17493669182550509
5.5118601644156966
11.569687344662981
3.4832165084729465
-10.0008033987319
0.77360275299809333
-4.2674005011970637
0.96054279143446031
-0.9648611001852877
-8.4018371140843673
0
0
0
0
0
0
0
0
0
0
0
0
0
0
0
0
0
0
0
0
0
0
0
0
0
0
0
0
0
0
0
0
0
0
0
0
0
0
0
0
0
0
0
0
0
0
0
0
0
0
0
0.37781477712361522
62.60858619678207
twosls_11
1 50
-2.5 5 0 0 0 -0.55000000000000004
-50.947248781412284
-4.0600715087087083e-15
-3.2138732876258242e-15
-2.4343128445880038e-15
-2.0798341520039293e-15
-1.739198886572381e-15
-1.3278242555433173e-15
-1.0785956437208946e-15
-9.5662493682353723e-16
-8.4198052658743854e-16
-7.2961817385894874e-16
-3.5310680340596155e-16
-3.3387745186966048e-16
-3.3124733231285556e-16
-3.1294011497557627e-16
-3.0262054441455711e-16
-2.4597933025603119e-16
-2.3635341421746567e-16
-2.1075839876062969e-16
-2.0931881152798974e-16
-1.4297450922533007e-16
-7.2687612953215913e-17
-6.2540043688761732e-17
-5.1065854511745997e-17
5.5294473447586958e-18
1.2153597660109924e-17
7.5360734415423202e-17
1.5622177225535683e-16
2.2070323325314821e-16
2.3408958802505068e-16
2.8714387269833729e-16
3.1653693389554565e-16
3.4792162977378363e-16
3.8401667341611283e-16
4.991996647428605e-16
5.7938183846826368e-16
6.3653406070162144e-16
6.6266436782314031e-16
6.7278897465053799e-16
8.1753909710765217e-16
8.6386181983176542e-16
1.0448520423239543e-15
1.1776284380311782e-15
1.2885108059184713e-15
1.5702031864589724e-15
1.8962898755571392e-15
1.9702428498681412e-15
6.1101116911078343e-15
7.4993262774084225e-15
16.983862760836036
1.9522030574732785
1.0198291872955909
12.13964754313986
-3.0541417898361662
-11.334108398045691
-2.7205800482264402
13.584277994072485
-5.8372375288164235
5.0514638518794275
-0.70389433347468633
9.9136855975445695
7.1109517898138837
4.4562141516029561
-11.436723237083397
2.2125101831317138
4.5480617881062084
-1.1840017752244305
-3.2554009236698023
4.4958473134518675
10.676472896986963
5.9838350018799726
-1.5810419562270912
2.0370029990399963
14.253104421627436
-8.2425933320474201
5.9270025790323881
-12.129841532809685
-3.7715382187161763
3.1390823955602087
1.5801675224121479
-12.289271563815447
3.1942111208793338
2.2564629293475718
0.95461747461499979
4.4111450555989826
1.9504967757255458
-12.656693913435017
7.712251133155811
3.9958118094760526
2.3449791740387838
-5.2468496861877814
-5.6700186681883089
-14.720119462938468
6.4204811652742055
4.6105981644902148
-6.7389810331407221
1.1567370881954431
2.6949611916104397
-7.1636766415681983
-8.3620094597171448
0
0
0
0
0
0
0
0
0
0
0
0
0
0
0
0
0
0
0
0
0
0
0
0
0
0
0
0
0
0
0
0
0
0
0
0
0
0
0
0
0
0
0
0
0
0
0
0
0
0
0
0.36695579261328598
61.086323426447116
twosls_12
1 50
-2.5 5 0 0 0 -0.60000000000000009
-53.43272419419543
-7.7458123029287391e-15
-4.9989303328729558e-15
-3.6650341190530951e-15
-2.6552207580881006e-15
-2.1163572405804857e-15
-1.9223712207391681e-15
-1.6661853966076484e-15
-1.3975078931658228e-15
-1.3894374824505826e-15
-1.1827702178525582e-15
-1.1125784949459677e-15
-9.7140164447509439e-16
-8.8449347161390446e-16
-7.8178017251269634e-16
-6.4972208634218338e-16
-5.1528648712617359e-16
-4.8932727321131322e-16
-3.8204324091300947e-16
-2.7684007287735498e-16
-2.4286128663675299e-16
-2.4008866131157347e-16
-1.9186782844531194e-16
-1.3244389350011527e-16
-1.2250623234408083e-16
1.8412144430358754e-17
3.7963696935953068e-17
4.5628873996906358e-17
1.155389638238533e-16
3.0509890490118809e-16
3.4273483096422623e-16
3.8159874790969418e-16
3.9663376795923302e-16
6.394065034810718e-16
7.2139597026608139e-16
7.4269243144856122e-16
7.5125213674860953e-16
1.047391039205965e-15
1.0783980853797546e-15
1.1200126548585893e-15
1.2048570411755544e-15
1.3134440180789738e-15
1.4228385029955598e-15
1.5553743456565605e-15
1.8151059036342893e-15
2.9495011038451468e-15
3.1820082386768532e-15
3.2366570578548302e-15
5.981645597810801e-15
16.193841777576353
2.1221755281446382
3.3388187560531297
-5.1054678923132411
-1.1452683005021074
3.9592996227392514
11.180632986262415
-5.2709673125378114
-0.83510954496545997
16.039525542530008
-2.2392969066085118
-5.3542576484495914
-0.54171065351845515
-6.815363783523523
-2.6427462147425125
-0.7090475504141186
-1.8922051016537889
-8.9583785985924038
-3.6686416554998069
2.2387333205433939
-14.253826261925177
-2.3610916722660469
-9.3245612514858855
3.5855974306538902
7.4512599477689774
9.810729332604474
10.688039787741598
2.1270308740804462
-1.0934346167929341
1.6813568728483113
7.5163949161570924
17.316008223763209
10.935496574495165
-6.0479024612351155
-9.8067096334225923
11.117750017701379
-1.2860017522401144
-0.42165651387187375
-8.8323707927622621
5.0196407043909375
5.5783770359861764
2.6995788617336793
-5.4746722112704154
-8.4382145415631964
3.4250482207152211
-11.83428821063357
1.8344859523866943
-3.7437278237833316
4.8294998743013142
-0.18374488192877789
-8.3204969809351592
0
0
0
0
0
0
0
0
0
0
0
0
0
0
0
0
0
0
0
0
0
0
0
0
0
0
0
0
0
0
0
0
0
0
0
0
0
0
0
0
0
0
0
0
0
0
0
0
0
0
0
0.3565727750736144
59.68550284978388
twosls_13
1 50
-2.5 5 0 0 0 -0.65000000000000002
-55.973219476730016
-5.7604975059781568e-15
-5.5288083621603338e-15
-5.448144069131836e-15
-4.3599178353150084e-15
-3.1472154438357485e-15
-2.7032045177923347e-15
-2.4535519653212761e-15
-2.257067166403264e-15
-2.0086974082107942e-15
-1.4494592138497468e-15
-1.424653511161781e-15
-1.1438411451346217e-15
-9.8599996579982494e-16
-7.9021355245568093e-16
-7.2881049629646234e-16
-6.3100850746267923e-16
-5.2866658056048044e-16
-3.9089675284276642e-16
-3.8616887676700004e-16
-3.4480525846408687e-16
-2.0058671627096572e-16
-1.9778758108484275e-16
-1.5334466478411746e-16
-1.2580027071406436e-16
-7.3376132759414643e-17
-6.3850498486904967e-17
5.108865347984724e-17
1.1251849054628773e-16
1.4555632234083549e-16
3.1148899745735511e-16
4.0268400100530584e-16
6.46545318044711e-16
6.4666394272212599e-16
7.4078835566797463e-16
8.8002318499333281e-16
1.0480752306635164e-15
1.1039450903021197e-15
1.5822730894170081e-15
1.8825064698200412e-15
1.8873791418627661e-15
2.0122847102368172e-15
2.0832127774933618e-15
2.1552822110213329e-15
2.818474485622329e-15
3.9998506041085481e-15
4.2848063482750138e-15
4.3449992748018408e-15
9.8254164791681297e-15
15.458840664068019
2.282996921188762
-5.8245469194001149
-6.0621207563270874
-4.3197829217302202
0.72101436284076315
-1.4204279486304057
-1.0497604457537226
-9.6350442572004322
19.398352239809569
-5.8955256311491384
-15.497551265692712
3.7398088865979462
-8.3313623349240853
11.933857020386032
18.19113320292632
-0.94532668472262926
15.866597076019351
-1.5019651427865359
1.714293363990707
-2.3044278442605886
-12.637157856891287
3.2181079680216826
2.0852906219970979
-1.6268254214218345
5.5980550956866546
-3.4273182539310261
-2.8007892537349117
5.3599854741008377
-1.2094217627925834
9.6415959684905825
4.2624204180784329
-1.2249305661341978
8.2415466307207073
-6.3644097889330196
-7.2127809106180312
-2.2831743136743565
-2.8088732478777589
6.698882043959915
-0.20844799084005264
-0.70151868048467692
-0.24694148990361181
-1.2059750513062251
1.1107506209906679
6.0430117810586257
6.4986238775675336
-5.4446840433288299
-5.9245165059800629
3.6646901118813124
-1.1565332717233723
-8.2778151730906462
0
0
0
0
0
0
0
0
0
0
0
0
0
0
0
0
0
0
0
0
0
0
0
0
0
0
0
0
0
0
0
0
0
0
0
0
0
0
0
0
0
0
0
0
0
0
0
0
0
0
0
0.34666251088107974
58.396814620643944
twosls_14
1 50
-2.5 5 0 0 0 -0.70000000000000007
-58.564671364555302
-7.1442719354871753e-15
-3.9216050031803901e-15
-3.5865805746797429e-15
-2.0592455264809042e-15
-1.8940346956266645e-15
-1.6356703206672862e-15
-1.5404344466674047e-15
-1.2484170623492043e-15
-1.0354313497611525e-15
-8.7244239969117929e-16
-7.9133633993141725e-16
-6.6296752924417763e-16
-5.1031498315445823e-16
-4.9783619176203602e-16
-4.9111506828666085e-16
-4.4581178242476231e-16
-2.8841577488418608e-16
-2.2589168113736693e-16
-1.7183315549477977e-16
-1.4575854278548715e-16
-1.4413135520366711e-16
-1.1321995944917026e-16
-9.2717857868949355e-17
-5.2920971207225894e-17
-4.2601148605675217e-17
-3.4783339692458272e-17
-2.3590907261610131e-17
1.1705497926160853e-16
1.1958621249946055e-16
1.3309937628785866e-16
2.3025119769119974e-16
2.3843762875992054e-16
2.5946112225146328e-16
2.7905024769103788e-16
4.870446220856783e-16
5.7874653773462914e-16
8.4328385808332543e-16
1.1185712700657128e-15
1.1618723456774267e-15
1.6351811219724823e-15
1.8483800769323214e-15
2.0691449637072205e-15
2.1297315523285436e-15
2.2661374684156374e-15
2.4100747718169211e-15
3.5353511511609878e-15
3.5925540406132995e-15
7.9782639288757435e-15
14.774796155850463
2.4348805193779448
-6.6771483222485228
-4.729711594404078
10.641688369497215
0.87046377217532733
0.15103596475912279
1.5394103541150452
9.9755800638248289
4.0644449276039225
7.2358957523088829
-10.602840486460689
5.9597481403799879
4.0191590980371972
-5.6662200120890445
10.927311157704288
16.439292085147311
-17.171107942600134
-5.6952418216509599
0.6455664312058953
15.503022957437771
-3.5026838520629902
4.2013495868302728
1.6543408539324873
-12.558143506315096
-7.9829775145180646
2.1710472123980802
8.6831115845134086
4.209781379729046
10.899023634349435
-7.5341554718424311
0.4004216723485779
-4.6045928319338465
4.0368030629190672
-3.8514635330669962
-8.3866337272328302
7.176998103552946
-4.2150660728536113
-5.0493179195447109
1.0599524962507572
-6.8693597642259645
0.07369679683789894
-0.12642773961637063
6.7044801334837434
4.732052268195198
-1.4025789245111364
-5.2486431970221021
-0.95051600666786529
-3.0744455213921649
-1.1965599065652071
-8.2344189739386469
0
0
0
0
0
0
0
0
0
0
0
0
0
0
0
0
0
0
0
0
0
0
0
0
0
0
0
0
0
0
0
0
0
0
0
0
0
0
0
0
0
0
0
0
0
0
0
0
0
0
0
0.33721660535945863
57.211273258353835
twosls_15
1 50
-2.5 5 0 0 0 -0.75
-61.203209855258017
-5.2198512422197303e-15
-3.5804692544161298e-15
-3.1946635414517607e-15
-1.9045857650946401e-15
-1.2071728935714594e-15
-1.0437205901456827e-15
-8.4840146726072318e-16
-7.5529901171220785e-16
-7.1442664021784499e-16
-5.1783904172862708e-16
-4.3796156811461005e-16
-4.3785291633169194e-16
-3.7787970148472063e-16
-3.7718859841117875e-16
-2.8059790283418307e-16
-2.7508866854857506e-16
-2.6613380833940209e-16
-2.0878112224762388e-16
-1.7799040534468233e-16
-1.381891600942449e-16
-1.2347136098304081e-16
-1.0125239124248817e-16
7.163094767380634e-17
2.4911112423017171e-16
2.5296464394417202e-16
2.5897076137923534e-16
2.9295865085639167e-16
2.9343933222697787e-16
3.5711461305527363e-16
3.7418386012364896e-16
3.7841372002441307e-16
4.6520620415449791e-16
5.6347131356236167e-16
5.7892821030585404e-16
6.3062562512102689e-16
8.4498700904010143e-16
8.4683274971825053e-16
1.2143089493522852e-15
1.4921879967151367e-15
1.4932325371444745e-15
1.7443200957373673e-15
1.918121416765295e-15
2.2786432890862538e-15
3.3992465786246459e-15
3.5300778371063749e-15
7.490268446719505e-15
7.9596057842660319e-15
1.0765375646352499e-14
14.137838250510327
2.5781204093372905
-3.0266514964530353
-2.2251343370572965
-7.2839513764560309
-5.9853874696396865
-11.505244101133016
-0.12296854303271357
-1.8788853194048525
0.32379276207223096
-1.9591240853230476
-3.2364532341948622
12.69044705477234
7.0244089805400227
-0.93245309412729616
8.8224751290459498
-16.084453282016153
4.4623049941770851
-1.4729295471901787
-7.884867215823375
-0.41575458196604886
6.6832857291559522
1.2278645061618334
-3.3777056084001353
-6.9476187764277464
11.214126677264034
-7.9361309990876219
14.705127795336105
-1.7401675058056032
-0.59442166528495688
-14.727727434843255
7.6375951213242805
-6.8164452103633577
16.678801825736986
-1.8134716515028122
3.3375677058982438
2.2723711146030858
5.7072199268646226
7.0754630018415652
5.7941041402517159
-6.5645350303761756
2.6124754622857158
0.73258431649440203
4.7769367879415254
-8.3839241299230878
-7.0044834365240876
5.7684174910940715
-1.8656483303424396
-6.3310584936708425
-1.6657711030658717
-8.1907016877045145
0
0
0
0
0
0
0
0
0
0
0
0
0
0
0
0
0
0
0
0
0
0
0
0
0
0
0
0
0
0
0
0
0
0
0
0
0
0
0
0
0
0
0
0
0
0
0
0
0
0
0
0.32822263668077456
56.120322063802824
twosls_16
1 50
-2.5 5 0 0 0 -0.80000000000000004
-63.885183503832984
-5.0586878918518373e-15
-4.7331532006517879e-15
-3.9785801869391811e-15
-3.7341323149160385e-15
-3.4397004241919976e-15
-2.4767745992007196e-15
-2.0251657646685054e-15
-1.6310795353150268e-15
-1.5996931290529816e-15
-1.4432899320127035e-15
-1.2687421577054478e-15
-1.1578971639630872e-15
-8.7809354837814733e-16
-7.3604443255352669e-16
-7.0551864914724562e-16
-6.4696079508766337e-16
-5.3700353807064068e-16
-4.3650722249699446e-16
-4.0198225064826579e-16
-2.9485626347499708e-16
-2.7876141545773078e-16
-2.0869750848497954e-16
-1.9947788844815502e-16
-1.8556578145831405e-16
-1.500525358484596e-16
-1.4918330432279682e-16
1.2348403179671556e-16
2.4665813707425304e-16
2.4884647458351673e-16
2.616872471732914e-16
3.2328191613638066e-16
4.4088684375298271e-16
4.6245520410917853e-16
5.4477421333308652e-16
6.4416122319450257e-16
7.6753191181816575e-16
1.1587341482125219e-15
1.6073577726776514e-15
1.6149166751589496e-15
2.3048252063644889e-15
2.3191379255801122e-15
2.9606502769491302e-15
3.0256693544518078e-15
3.6147455577807929e-15
4.2780799792428492e-15
4.6248938961852258e-15
5.077716459766157e-15
5.5606840638493733e-15
13.544315503042457
2.7130687022666113
-3.9509835090904724
0.62368110822046074
-1.5808806177814014
-2.66871241097332
8.1130329324707535
-3.2104436174709123
-6.6292675144265703
-6.495379136619305
2.5243819334787014
2.0686562192899487
-1.9543546583809581
-7.5395016398807915
10.098855410964912
13.246224013502994
0.32190589629881705
-0.84367492832214952
-2.0022518171647476
4.9906934698899486
1.4611608903366673
-2.5183821775063326
-4.180961382611784
17.963112106297263
8.2244015590884221
-6.5993144645843458
-14.081190148988297
-1.5978212726612762
-3.4966565813950283
2.3787637942648927
5.3222937768956813
2.4612314958295016
-10.259876430658501
-2.6268185136700182
-5.3497378265103102
-2.7474154506810105
10.722752862341615
7.8475762584748372
-7.3753810206581143
12.727558806771576
-4.4997871173635895
-2.337978727958022
-16.313045722743894
3.9347989105731802
4.1089898491375285
9.0454528708983606
4.8761853775909403
-5.6520052093775082
-11.121814036212164
-1.2921538710762757
-8.1469968208406929
0
0
0
0
0
0
0
0
0
0
0
0
0
0
0
0
0
0
0
0
0
0
0
0
0
0
0
0
0
0
0
0
0
0
0
0
0
0
0
0
0
0
0
0
0
0
0
0
0
0
0
0.31966519195895216
55.11590249702865
twosls_17
1 50
-2.5 5 0 0 0 -0.85000000000000009
-66.607173569168538
-2.0217612839082233e-15
-1.8114391733995853e-15
-1.4624823695495182e-15
-1.4302078536800373e-15
-1.413290569390997e-15
-1.3575596162924833e-15
-1.20759341170579e-15
-1.1484376903263277e-15
-1.1464027032522772e-15
-1.0835502648960265e-15
-1.0716689426666111e-15
-9.1376460158226628e-16
-8.1568646502915925e-16
-7.8627325164875613e-16
-6.4670947103321107e-16
-5.9977941317027871e-16
-5.8848682100183629e-16
-5.475441245301835e-16
-5.185845193428841e-16
-5.0595374917617302e-16
-3.4346606165913256e-16
-2.3643946269436162e-16
-2.1385666253316507e-16
-6.2932435420271884e-17
-5.0987180950774852e-17
1.4016756315440563e-17
3.8822051139508526e-17
8.6024224181004615e-17
1.6821702092960739e-16
2.8989810979548444e-16
5.4085827713259187e-16
5.8952064509113281e-16
6.1053630134566174e-16
8.6201572139611127e-16
1.0496665906004251e-15
1.1496878833814972e-15
1.1847388506281206e-15
1.310963547405472e-15
1.4100406136672599e-15
1.7016471754321787e-15
1.9246702239564468e-15
1.9875277989741339e-15
2.0122792321330962e-15
2.0777842539332719e-15
2.3624493569009998e-15
2.3896810328348261e-15
4.9712389708033468e-15
1.6065725336132118e-14
12.99080917233519
2.8401160751100383
-10.132393271253823
0.38663905418665423
4.4438948660572075
0.85833688755573068
1.7421118819294674
-2.0128276743610596
-4.0629253914412873
-1.0515185558741287
2.8815135275520833
-8.1366693095501592
0.62944839038959732
-18.847431652333569
-2.0020821289499517
-17.436808325508878
-2.5698691348532132
9.1135709152070099
6.9143820512562479
-0.79128546844514958
-8.4262305416446495
7.6671948273912198
-8.8184738491609149
-3.8026356647600923
-9.2729710936015781
-2.5116318699363451
9.3214714124143487
-0.97076931413673206
-6.3550092009515202
8.5071817373148928
-1.00855423510677
0.20170790289520457
-8.2700535483993836
-1.2006198622131645
3.1830427182728869
-7.8818734180177845
-8.6494687270232848
3.4758337944534188
-1.523501517963616
0.79773118097284457
-5.745635594204308
-1.8308936753967329
11.155666758282015
10.502692288289824
-16.858192946053439
-1.4821319709761678
3.2125955933123755
3.5785912812162319
-0.91833567515222658
7.3504952777535371
-8.1035819032023451
0
0
0
0
0
0
0
0
0
0
0
0
0
0
0
0
0
0
0
0
0
0
0
0
0
0
0
0
0
0
0
0
0
0
0
0
0
0
0
0
0
0
0
0
0
0
0
0
0
0
0
0.31152676383900596
54.190494177743645
twosls_18
1 50
-2.5 5 0 0 0 -0.90000000000000002
-69.365999280357201
-5.2415842260553455e-15
-3.8266187295815851e-15
-2.7804489772970149e-15
-2.3009946600041197e-15
-2.1447415060578486e-15
-1.9024959192524379e-15
-1.6289623715156372e-15
-1.4774621388139979e-15
-1.433352783358585e-15
-9.7755487928307945e-16
-8.5226886626927508e-16
-8.3211018703113746e-16
-7.8387115628329855e-16
-5.888216450400247e-16
-5.4166772005119214e-16
-3.2082405894784229e-16
-2.9922767631481681e-16
-2.9877295384456034e-16
-1.9033939842811109e-16
-1.8338993139440342e-16
-1.3827241397994811e-16
-1.3388578219797061e-16
-3.9495563210054575e-17
3.2375424518364253e-17
4.1175110298023111e-17
1.0559067493508383e-16
1.7193273774861121e-16
2.9247581634541651e-16
3.1864981782116529e-16
3.9125576462327232e-16
4.0235253256836472e-16
4.3392565137797023e-16
4.7235168766024335e-16
5.776262064095745e-16
8.1937055257440274e-16
8.8623828133956529e-16
1.1348067666085457e-15
1.3424429134519802e-15
1.5167039751392786e-15
1.5689005269284289e-15
2.0239564200715884e-15
2.1013650695876515e-15
2.3309483903653069e-15
2.4345245180446114e-15
2.4723099864031214e-15
2.7200464103316335e-15
4.5108175943313479e-15
6.356752937489963e-15
12.474138487480925
2.9596757079183771
-0.82879535515167913
2.0416888345029918
8.379743608352781
-2.5078315797623461
3.4348192261079786
8.2234126992786738
4.3626302852114103
-8.0429028085136505
1.6911788056729649
-9.6231195605952173
8.1027952427585355
7.6402025758912337
-3.9754971109605184
-7.4887606978811574
-0.99062862318677292
6.359614791152385
0.49612600079421965
17.491161440673316
-5.7820095294863467
-5.4957328562570833
-10.113859831882563
4.2396244392313935
8.6327037313122954
0.65162109412342695
-2.2300520346178656
-9.5745244597235715
-4.5715148827399776
6.6041122516335262
-6.6719752078417276
-2.1615108908727376
-6.66993093812198
-5.3063391496047077
-13.967627623958736
1.0575522139551312
-4.2527617761660448
1.6248699840987397
-4.8254315446115692
5.8965635432577219
-6.1995916606361057
0.62077746810492507
-14.496353860842165
-2.8158069244993871
5.2824221011732204
-8.2145177076951086
-10.279071061357639
10.403350253934628
-11.483910423586348
-3.0523711075130713
-8.0606835123309999
0
0
0
0
0
0
0
0
0
0
0
0
0
0
0
0
0
0
0
0
0
0
0
0
0
0
0
0
0
0
0
0
0
0
0
0
0
0
0
0
0
0
0
0
0
0
0
0
0
0
0
0.30378850215054654
53.337131342464346
twosls_19
1 50
-2.5 5 0 0 0 -0.95000000000000007
-72.158716314233743
-1.2147647392390089e-14
-8.655541589720116e-15
-4.5047348276333739e-15
-3.9776678248493554e-15
-2.4702462297909733e-15
-2.0364445383162991e-15
-1.8057379854781014e-15
-1.1656216323642614e-15
-1.1202034070940274e-15
-1.0677213593414418e-15
-1.0085994145578334e-15
-8.6588613547232905e-16
-8.182455000693431e-16
-8.0807944639692713e-16
-7.7747646968801617e-16
-7.3395582408426636e-16
-6.5670310577161979e-16
-5.8531208206008073e-16
-5.5501740952800723e-16
-5.3458346800641524e-16
-4.8805213964201632e-16
-3.435149018040279e-16
-2.1207771092370155e-16
-2.0472729317314011e-16
-1.0459576340175118e-16
-8.6384426780168444e-17
-1.881391360392563e-17
7.345780319166384e-17
1.5630756463701987e-16
1.8446989398890696e-16
1.8659363696340616e-16
2.6574276687125552e-16
3.4172752540544294e-16
3.4997225016248798e-16
3.6297240256530069e-16
4.3105662270256544e-16
5.2276905024259937e-16
7.6970649719857632e-16
9.4261447504247989e-16
1.3671958016405301e-15
2.4723175647137712e-15
3.1818960850455167e-15
3.1829820914009049e-15
3.2147463172951355e-15
5.8451285392149823e-15
7.3183764268445953e-15
1.0004846327781002e-14
1.0711347000130439e-14
11.991359125314643
3.0721704374677556
3.2477928073185294
3.8257649936382045
0.14818045451477746
-8.7115623795040289
3.6567685585856053
1.3453673069079646
-8.3282021153035171
-9.1892856083329182
-1.5433316238950021
1.3850470465881246
3.8239223987647972
3.0779347881374357
-7.5778759561872313
-1.9672924035472779
-1.7091918875616756
-1.852800822641161
-1.4748307890956665
8.7446904406841934
-4.7159055699976742
1.2249454803968818
22.71754594157634
11.133631184303974
5.8177696911839742
3.8439244998411204
-15.263336322456681
3.3876784451103674
-4.9749404761090963
-1.4366011411982205
9.1642807100866825
-10.266348963531055
-5.8613449905956001
-1.5098366519756907
9.1571726467642733
-3.8644542506757755
-5.0090333694022924
-7.8358959093632121
-5.7117506855889602
-10.259228198931735
-3.7666903462704946
-8.5965390405604705
15.408046163275161
-0.84966116209100384
-1.7208358602000229
4.6964760756129502
6.1591793756534736
-5.3973426790166998
-2.6697195062330867
-2.1567281441206458
-8.01848288550622
0
0
0
0
0
0
0
0
0
0
0
0
0
0
0
0
0
0
0
0
0
0
0
0
0
0
0
0
0
0
0
0
0
0
0
0
0
0
0
0
0
0
0
0
0
0
0
0
0
0
0
0.2964308262908194
52.549401241946683
twosls_20
1 50
-2.5 5 0 0 0 -1
-74.982610307225528
-7.4696836666888246e-15
-6.1612127902012574e-15
-2.5737802129062797e-15
-2.5003806691922393e-15
-1.9725000136452123e-15
-1.901376133895564e-15
-1.7918487830062562e-15
-1.0333564078952901e-15
-9.6830107841911977e-16
-9.4363516175190562e-16
-8.5631539071703465e-16
-7.279443615554679e-16
-7.0871539585385136e-16
-6.3463165191300083e-16
-5.4820070493622512e-16
-4.92216656460407e-16
-4.1616074053425162e-16
-4.1552158065131956e-16
-3.229187317436633e-16
-2.9281160001942602e-16
-1.7685813282251685e-16
-1.5413915154056304e-16
-9.5938399546057515e-17
-2.566494556389967e-17
3.7248651520397864e-18
6.5212572360795838e-18
4.6620731828404252e-17
2.4941648583966301e-16
3.363989386509484e-16
3.3781133917899988e-16
3.6376382269531478e-16
4.8293321172670801e-16
5.0004791888980577e-16
5.5355997879911021e-16
6.106226635438361e-16
6.99814268113495e-16
7.7086183201181119e-16
9.691464526300473e-16
1.0265340379441044e-15
1.4519389848267723e-15
1.7117241830502291e-15
1.7478445191835106e-15
1.9583172421888535e-15
2.111036709058057e-15
2.4356417603343531e-15
4.6876031078248574e-15
4.7054733395901439e-15
5.3036021076085871e-15
11.539756722263592
3.1780227980667686
2.1774757339720026
-1.7657618041875682
-8.8394681171870193
0.35431435126852673
-1.5501904046175627
1.8591302611357652
-3.6960030774404875
3.0347927175802529
12.618927569048973
-5.1269451213969548
2.5290637914013843
8.1204257352219713
11.247912153703622
-2.3954893191860873
14.746986258962432
8.3585207459151185
8.9671593192776751
9.0867741451000139
-13.084134043983619
-0.60694847104580729
3.4282217372006425
-7.142376985597795
-9.076180394038504
4.5340204136714162
-7.7454226664182322
8.1789092881616501
1.5606381336759765
-3.0456237066138829
14.596424318998263
-6.8652995204735676
2.8587441921292034
6.2836022924171422
-5.3546246498492636
1.4780612138541014
6.8207662719543531
0.81926671578575305
13.457313275163703
-9.5128777372816664
1.0397880784752436
-7.2255898688170523
7.0920664117569396
1.5830360475483118
8.8846271604614202
8.7160779865428442
-1.2342064871260181
6.6664031147675304
-0.33378991326327767
-3.4617338088342957
-7.9771216661760196
0
0
0
0
0
0
0
0
0
0
0
0
0
0
0
0
0
0
0
0
0
0
0
0
0
0
0
0
0
0
0
0
0
0
0
0
0
0
0
0
0
0
0
0
0
0
0
0
0
0
0
0.28943391073719071
51.821429315809638
